"Order Item Id",id,"Delivery Status",Late_delivery_risk,"Origin Branch","Branch Latitude","Branch Longitude","Customer Latitude","Customer Longitude","order date (DateOrders)",driver_id
TK70122,1,"Advance shipping",0,Parañaque,14.4793,121.0198,14.545218739840404,121.06600600694865,2022-02-14,240
TK93572,2,"Late delivery",1,Caloocan,14.6507,120.9667,14.721869079183666,120.95962764738093,2022-07-01,235
TK94587,3,"Shipping on time",0,Parañaque,14.4793,121.0198,14.391434449815597,121.03613807772858,2022-07-07,237
TK96612,4,"Advance shipping",0,"Quezon City",14.676,121.0437,14.678736163264826,121.04558031544609,2022-07-18,240
TK102945,5,"Shipping on time",0,Parañaque,14.4793,121.0198,14.446598962560854,121.00225508351089,2022-08-25,239
TK84074,6,"Late delivery",1,"Quezon City",14.676,121.0437,14.684483248539719,121.09272836827927,2022-05-06,236
TK122319,7,"Late delivery",1,Manila,14.5995,120.9842,14.532384103017286,121.00064647438066,2022-12-15,237
TK122318,8,"Late delivery",1,Manila,14.5995,120.9842,14.532384103017286,121.00064647438066,2022-12-15,236
TK112832,9,"Late delivery",1,Caloocan,14.6507,120.9667,14.652160128161459,120.9830761231138,2022-10-21,239
TK112830,10,"Late delivery",1,Caloocan,14.6507,120.9667,14.652160128161459,120.9830761231138,2022-10-21,235
TK112828,11,"Late delivery",1,Caloocan,14.6507,120.9667,14.652160128161459,120.9830761231138,2022-10-21,236
TK112829,12,"Late delivery",1,Caloocan,14.6507,120.9667,14.652160128161459,120.9830761231138,2022-10-21,237
MC173226,13,"Late delivery",1,Manila,14.5995,120.9842,14.505080376803019,121.05617351621032,2023-10-17,210
MC34166,14,"Late delivery",1,Parañaque,14.4793,121.0198,14.402501161743423,121.0115340565625,2021-07-19,208
MC32808,15,"Late delivery",1,"Quezon City",14.676,121.0437,14.6004716856037,121.03623655810601,2021-07-11,221
MC155727,16,"Advance shipping",0,Parañaque,14.4793,121.0198,14.531758371583892,121.06790815961352,2023-06-28,221
TK47566,17,"Late delivery",1,"Quezon City",14.676,121.0437,14.619813537262207,121.05999815885909,2021-10-05,235
TK117704,18,"Late delivery",1,"Quezon City",14.676,121.0437,14.61890161130475,121.04445159477596,2022-11-18,239
TK62544,19,"Advance shipping",0,"Quezon City",14.676,121.0437,14.602593335735232,121.02392278964065,2021-12-31,235
TK62841,20,"Advance shipping",0,Caloocan,14.6507,120.9667,14.672336480414808,120.96587855770801,2022-01-02,240
TK123904,21,"Late delivery",1,Caloocan,14.6507,120.9667,14.696456108378671,120.95585775985928,2022-12-24,238
MC179213,22,"Shipping on time",0,"Quezon City",14.676,121.0437,14.585361751481297,121.06690543765845,2024-01-12,217
TK58068,23,"Advance shipping",0,"Quezon City",14.676,121.0437,14.616402654411646,121.07549612082121,2021-12-05,240
TK123903,24,"Late delivery",1,Caloocan,14.6507,120.9667,14.696456108378671,120.95585775985928,2022-12-24,238
MC34165,25,"Late delivery",1,Parañaque,14.4793,121.0198,14.402501161743423,121.0115340565625,2021-07-19,202
CR178084,26,"Late delivery",1,Parañaque,14.4793,121.0198,14.392189347149982,121.00052708799069,2023-12-27,213
TK87426,27,"Late delivery",1,Parañaque,14.4793,121.0198,14.398885361933043,121.05963330838794,2022-05-25,240
MC178281,28,"Advance shipping",0,Manila,14.5995,120.9842,14.543986149685445,121.06861302998719,2023-12-30,203
TK87429,29,"Late delivery",1,Parañaque,14.4793,121.0198,14.398885361933043,121.05963330838794,2022-05-25,239
TK88696,30,"Advance shipping",0,Manila,14.5995,120.9842,14.555413608313923,121.0021218103749,2022-06-02,236
TK104038,31,"Advance shipping",0,Parañaque,14.4793,121.0198,14.535295958877816,121.06863421572245,2022-08-31,239
TK69828,32,"Advance shipping",0,Parañaque,14.4793,121.0198,14.398885361933043,121.05963330838794,2022-02-12,238
MC175136,33,"Advance shipping",0,Caloocan,14.6507,120.9667,14.665152012570903,120.97667679342132,2023-11-14,226
MC155783,34,"Late delivery",1,"Quezon City",14.676,121.0437,14.60118104757851,121.0383134041152,2023-06-28,203
CR28991,35,"Advance shipping",0,Parañaque,14.4793,121.0198,14.530548707917843,121.05456543414347,2021-06-19,201
MC158121,36,"Advance shipping",0,Caloocan,14.6507,120.9667,14.692960285202563,120.98184463864365,2023-07-12,232
TK45411,37,"Shipping on time",0,"Quezon City",14.676,121.0437,14.600147753376651,121.02387472361687,2021-09-23,238
MC21759,38,"Advance shipping",0,"Quezon City",14.676,121.0437,14.580342339147203,121.05617778134176,2021-05-08,209
TK101052,39,"Shipping canceled",0,Parañaque,14.4793,121.0198,14.541376774154022,121.06659734619464,2022-08-14,235
TK68686,40,"Advance shipping",0,"Quezon City",14.676,121.0437,14.595399381122924,121.04539935576301,2022-02-05,240
TK121217,41,"Shipping on time",0,"Quezon City",14.676,121.0437,14.608856409125828,121.0417350114898,2022-12-08,237
TK51877,42,"Shipping on time",0,Manila,14.5995,120.9842,14.527007163946523,121.06455623327247,2021-10-31,235
TK121561,43,"Shipping on time",0,Caloocan,14.6507,120.9667,14.679404057682868,120.96483508829478,2022-12-10,236
TK51880,44,"Shipping on time",0,Manila,14.5995,120.9842,14.527007163946523,121.06455623327247,2021-10-31,236
TK51597,45,"Advance shipping",0,Manila,14.5995,120.9842,14.53990667906581,121.0199935016036,2021-10-29,239
TK69688,46,"Late delivery",1,Parañaque,14.4793,121.0198,14.542472485874288,121.06461298275237,2022-02-11,240
TK120416,47,"Advance shipping",0,"Quezon City",14.676,121.0437,14.584255317909882,121.07843337336409,2022-12-03,240
MC133575,48,"Late delivery",1,Parañaque,14.4793,121.0198,14.542027742594506,121.05233660763346,2023-02-19,232
TK117394,49,"Shipping on time",0,Manila,14.5995,120.9842,14.535482446034887,121.06355298675928,2022-11-16,239
TK124214,50,"Advance shipping",0,"Quezon City",14.676,121.0437,14.611889512643115,121.05846566691852,2022-12-26,239
TK109826,51,"Shipping canceled",0,"Quezon City",14.676,121.0437,14.61370503534908,121.04549106937412,2022-10-03,239
CR179190,52,"Late delivery",1,Caloocan,14.6507,120.9667,14.727999054992571,120.97747308176707,2024-01-12,222
TK62842,53,"Advance shipping",0,Caloocan,14.6507,120.9667,14.672336480414808,120.96587855770801,2022-01-02,239
TK114861,54,"Shipping canceled",0,"Quezon City",14.676,121.0437,14.607435909423453,121.0574876605044,2022-11-01,235
MC179143,55,"Shipping on time",0,Caloocan,14.6507,120.9667,14.670366827883168,120.96941489565133,2024-01-11,218
TK93520,56,"Advance shipping",0,"Quezon City",14.676,121.0437,14.599804155733255,121.0469448756957,2022-06-30,237
TK85966,57,"Late delivery",1,"Quezon City",14.676,121.0437,14.602593335735232,121.02392278964065,2022-05-17,235
TK67776,58,"Late delivery",1,"Quezon City",14.676,121.0437,14.676682012180502,121.02340890916382,2022-01-30,237
TK73060,59,"Shipping on time",0,"Quezon City",14.676,121.0437,14.673441448047237,121.01921855185108,2022-03-02,235
TK94402,60,"Advance shipping",0,Caloocan,14.6507,120.9667,14.715608041422078,120.99279250515885,2022-07-06,238
TK109829,61,"Shipping canceled",0,"Quezon City",14.676,121.0437,14.61370503534908,121.04549106937412,2022-10-03,238
TK58902,62,"Advance shipping",0,Parañaque,14.4793,121.0198,14.537724103357386,121.05518270649499,2021-12-10,238
CR179139,63,"Late delivery",1,Parañaque,14.4793,121.0198,14.544389598457505,121.05865011812061,2024-01-11,201
TK88693,64,"Advance shipping",0,Manila,14.5995,120.9842,14.555413608313923,121.0021218103749,2022-06-02,239
TK72527,65,"Shipping canceled",0,Parañaque,14.4793,121.0198,14.53385512581454,121.0582934909391,2022-02-28,238
TK93518,66,"Advance shipping",0,"Quezon City",14.676,121.0437,14.599804155733255,121.0469448756957,2022-06-30,238
CR179131,67,"Advance shipping",0,Manila,14.5995,120.9842,14.530163591690513,121.00891725095819,2024-01-11,229
TK114948,68,"Shipping on time",0,Caloocan,14.6507,120.9667,14.717216763335482,120.98331753139693,2022-11-02,240
TK90175,69,"Shipping on time",0,Parañaque,14.4793,121.0198,14.542472485874288,121.06461298275237,2022-06-11,235
MC179128,70,"Late delivery",1,Caloocan,14.6507,120.9667,14.710238702371939,120.99215706637331,2024-01-11,221
TK58900,71,"Advance shipping",0,Parañaque,14.4793,121.0198,14.537724103357386,121.05518270649499,2021-12-10,237
CR162219,72,"Shipping on time",0,Manila,14.5995,120.9842,14.542845845402075,121.07679092602505,2023-08-05,220
MC168714,73,"Advance shipping",0,"Quezon City",14.676,121.0437,14.612255624450981,121.04989057436576,2023-09-12,214
TK114695,74,"Advance shipping",0,Manila,14.5995,120.9842,14.515762513518112,121.07885997493645,2022-10-31,238
CR155784,75,"Late delivery",1,"Quezon City",14.676,121.0437,14.60118104757851,121.0383134041152,2023-06-28,205
CR34193,76,"Shipping canceled",0,"Quezon City",14.676,121.0437,14.604585145157374,121.02471686650506,2021-07-19,219
TK126499,77,"Late delivery",1,"Quezon City",14.676,121.0437,14.617035634701173,121.0236233608179,2023-01-08,236
MC28990,78,"Advance shipping",0,Parañaque,14.4793,121.0198,14.530548707917843,121.05456543414347,2021-06-19,203
MC2008,79,"Late delivery",1,"Quezon City",14.676,121.0437,14.595399381122924,121.04539935576301,2021-01-12,209
TK126497,80,"Late delivery",1,"Quezon City",14.676,121.0437,14.617035634701173,121.0236233608179,2023-01-08,236
MC150722,81,"Advance shipping",0,"Quezon City",14.676,121.0437,14.602166838182292,121.0480276204441,2023-05-29,234
TK45545,82,"Shipping canceled",0,"Quezon City",14.676,121.0437,14.61880493426584,121.0490890530302,2021-09-23,235
CR28992,83,"Advance shipping",0,Parañaque,14.4793,121.0198,14.530548707917843,121.05456543414347,2021-06-19,220
CR155782,84,"Late delivery",1,"Quezon City",14.676,121.0437,14.60118104757851,121.0383134041152,2023-06-28,211
MC150721,85,"Advance shipping",0,"Quezon City",14.676,121.0437,14.602166838182292,121.0480276204441,2023-05-29,207
CR170031,86,"Advance shipping",0,"Quezon City",14.676,121.0437,14.647312218870328,121.12642299366782,2023-09-19,231
MC176406,87,"Advance shipping",0,"Quezon City",14.676,121.0437,14.593753845657925,121.07720220925026,2023-12-02,210
TK113005,88,"Late delivery",1,Caloocan,14.6507,120.9667,14.627599217302723,121.00214092785691,2022-10-22,237
CR37428,89,"Late delivery",1,"Quezon City",14.676,121.0437,14.66017831326479,121.09162258685717,2021-08-07,213
TK58065,90,"Advance shipping",0,"Quezon City",14.676,121.0437,14.616402654411646,121.07549612082121,2021-12-05,239
TK73254,91,"Shipping on time",0,"Quezon City",14.676,121.0437,14.589993729339907,121.07529290516422,2022-03-03,237
TK90607,92,"Late delivery",1,"Quezon City",14.676,121.0437,14.602593335735232,121.02392278964065,2022-06-13,235
TK74532,93,"Late delivery",1,Caloocan,14.6507,120.9667,14.696456108378671,120.95585775985928,2022-03-10,239
TK71782,94,"Shipping on time",0,"Quezon City",14.676,121.0437,14.589920475697072,121.08202910044419,2022-02-23,237
TK105326,95,"Shipping on time",0,Manila,14.5995,120.9842,14.542845845402075,121.07679092602505,2022-09-07,237
TK105328,96,"Shipping on time",0,Manila,14.5995,120.9842,14.542845845402075,121.07679092602505,2022-09-07,238
CR15760,97,"Shipping canceled",0,"Quezon City",14.676,121.0437,14.616153630666577,121.0234998501218,2021-04-02,205
TK54940,98,"Advance shipping",0,"Quezon City",14.676,121.0437,14.602593335735232,121.02392278964065,2021-11-17,235
TK125638,99,"Advance shipping",0,"Quezon City",14.676,121.0437,14.567577996028195,121.05302222110612,2023-01-03,239
CR9682,100,"Late delivery",1,Manila,14.5995,120.9842,14.53641055137516,121.03159337583146,2021-02-26,219
TK62543,101,"Advance shipping",0,"Quezon City",14.676,121.0437,14.602593335735232,121.02392278964065,2021-12-31,240
MC6780,102,"Late delivery",1,"Quezon City",14.676,121.0437,14.588793918992202,121.07626950543026,2021-02-09,228
CR142021,103,"Late delivery",1,"Quezon City",14.676,121.0437,14.6449657717114,121.12602034380289,2023-04-08,201
TK53412,104,"Late delivery",1,"Quezon City",14.676,121.0437,14.565550465197816,121.0993748120492,2021-11-08,237
TK125913,105,"Advance shipping",0,Manila,14.5995,120.9842,14.558163524333539,121.01036879777011,2023-01-05,238
TK120828,106,"Late delivery",1,Caloocan,14.6507,120.9667,14.674706834158586,120.96707586664434,2022-12-06,239
TK86079,107,"Late delivery",1,"Quezon City",14.676,121.0437,14.565550465197816,121.0993748120492,2022-05-18,236
TK81627,108,"Advance shipping",0,Caloocan,14.6507,120.9667,14.715608041422078,120.99279250515885,2022-04-21,236
TK81630,109,"Advance shipping",0,Caloocan,14.6507,120.9667,14.715608041422078,120.99279250515885,2022-04-21,238
TK69827,110,"Advance shipping",0,Parañaque,14.4793,121.0198,14.398885361933043,121.05963330838794,2022-02-12,240
TK82505,111,"Late delivery",1,"Quezon City",14.676,121.0437,14.605710593858463,121.02744944145665,2022-04-26,236
TK58734,112,"Shipping on time",0,Caloocan,14.6507,120.9667,14.715608041422078,120.99279250515885,2021-12-09,240
TK99194,113,"Late delivery",1,"Quezon City",14.676,121.0437,14.604121222779268,121.05391886271902,2022-08-03,237
TK58733,114,"Shipping on time",0,Caloocan,14.6507,120.9667,14.715608041422078,120.99279250515885,2021-12-09,238
CR145886,115,"Shipping canceled",0,"Quezon City",14.676,121.0437,14.650427279845278,121.10566520164316,2023-05-01,233
TK125075,116,"Shipping on time",0,Caloocan,14.6507,120.9667,14.717216763335482,120.98331753139693,2022-12-31,235
TK125073,117,"Shipping on time",0,Caloocan,14.6507,120.9667,14.717216763335482,120.98331753139693,2022-12-31,240
TK97785,118,"Late delivery",1,Parañaque,14.4793,121.0198,14.53495084759309,121.05112757325277,2022-07-25,239
TK124607,119,"Late delivery",1,Manila,14.5995,120.9842,14.543635336173358,120.98658019815254,2022-12-28,236
MC3258,120,"Advance shipping",0,Manila,14.5995,120.9842,14.58393490698555,120.97100883767102,2021-01-20,223
TK73253,121,"Shipping on time",0,"Quezon City",14.676,121.0437,14.589993729339907,121.07529290516422,2022-03-03,239
TK54941,122,"Advance shipping",0,"Quezon City",14.676,121.0437,14.602593335735232,121.02392278964065,2021-11-17,235
CR16561,123,"Advance shipping",0,"Quezon City",14.676,121.0437,14.616115315478401,121.04904895920218,2021-04-07,216
TK87547,124,"Shipping on time",0,"Quezon City",14.676,121.0437,14.619070368687687,121.02050593078184,2022-05-26,240
TK54942,125,"Advance shipping",0,"Quezon City",14.676,121.0437,14.602593335735232,121.02392278964065,2021-11-17,239
TK121743,126,"Advance shipping",0,Parañaque,14.4793,121.0198,14.540785324099273,121.06054390135272,2022-12-11,236
TK73255,127,"Shipping on time",0,"Quezon City",14.676,121.0437,14.589993729339907,121.07529290516422,2022-03-03,237
MC3842,128,"Shipping canceled",0,"Quezon City",14.676,121.0437,14.608483918186728,121.02648250971593,2021-01-23,215
TK104041,129,"Advance shipping",0,Parañaque,14.4793,121.0198,14.535295958877816,121.06863421572245,2022-08-31,237
TK107373,130,"Advance shipping",0,"Quezon City",14.676,121.0437,14.580342339147203,121.05617778134176,2022-09-19,239
TK62542,131,"Advance shipping",0,"Quezon City",14.676,121.0437,14.602593335735232,121.02392278964065,2021-12-31,240
TK72529,132,"Shipping canceled",0,Parañaque,14.4793,121.0198,14.53385512581454,121.0582934909391,2022-02-28,240
TK119770,133,"Shipping on time",0,Caloocan,14.6507,120.9667,14.686795933346074,120.95434318919139,2022-11-30,239
TK53411,134,"Late delivery",1,"Quezon City",14.676,121.0437,14.565550465197816,121.0993748120492,2021-11-08,238
TK119772,135,"Shipping on time",0,Caloocan,14.6507,120.9667,14.686795933346074,120.95434318919139,2022-11-30,240
MC174982,136,"Advance shipping",0,Parañaque,14.4793,121.0198,14.530089066475712,121.05119555853419,2023-11-12,215
CR29579,137,"Advance shipping",0,"Quezon City",14.676,121.0437,14.616153630666577,121.0234998501218,2021-06-22,201
TK53107,138,"Late delivery",1,"Quezon City",14.676,121.0437,14.605710593858463,121.02744944145665,2021-11-06,235
MC161934,139,"Advance shipping",0,Parañaque,14.4793,121.0198,14.398885361933043,121.05963330838794,2023-08-03,221
CR43614,140,"Late delivery",1,Parañaque,14.4793,121.0198,14.543208006483697,121.03679678245149,2021-09-12,233
CR36079,141,"Advance shipping",0,Parañaque,14.4793,121.0198,14.542027742594506,121.05233660763346,2021-07-30,216
TK72158,142,"Late delivery",1,"Quezon City",14.676,121.0437,14.595399381122924,121.04539935576301,2022-02-25,235
CR157949,143,"Advance shipping",0,Parañaque,14.4793,121.0198,14.530363535080443,121.06018597195873,2023-07-11,229
TK53106,144,"Late delivery",1,"Quezon City",14.676,121.0437,14.605710593858463,121.02744944145665,2021-11-06,239
MC170721,145,"Late delivery",1,Parañaque,14.4793,121.0198,14.391434449815597,121.03613807772858,2023-09-23,218
CR24868,146,"Late delivery",1,Parañaque,14.4793,121.0198,14.546156611774261,121.05781804005412,2021-05-26,233
TK48340,147,"Shipping on time",0,"Quezon City",14.676,121.0437,14.61807845543891,121.04138130012096,2021-10-10,236
CR5651,148,"Late delivery",1,Manila,14.5995,120.9842,14.53990667906581,121.0199935016036,2021-02-02,201
CR176898,149,"Shipping on time",0,"Quezon City",14.676,121.0437,14.614898781473654,121.02554279468538,2023-12-10,229
TK113534,150,"Advance shipping",0,"Quezon City",14.676,121.0437,14.619070368687687,121.02050593078184,2022-10-25,240
CR174954,151,"Late delivery",1,Parañaque,14.4793,121.0198,14.543779638478327,121.06781260363553,2023-11-11,219
MC13573,152,"Advance shipping",0,"Quezon City",14.676,121.0437,14.607435909423453,121.0574876605044,2021-03-21,221
TK60332,153,"Shipping on time",0,"Quezon City",14.676,121.0437,14.617035634701173,121.0236233608179,2021-12-19,236
CR2011,154,"Late delivery",1,"Quezon City",14.676,121.0437,14.595399381122924,121.04539935576301,2021-01-12,231
CR157833,155,"Shipping on time",0,Parañaque,14.4793,121.0198,14.537724103357386,121.05518270649499,2023-07-10,231
TK60333,156,"Shipping on time",0,"Quezon City",14.676,121.0437,14.617035634701173,121.0236233608179,2021-12-19,239
TK122633,157,"Late delivery",1,Parañaque,14.4793,121.0198,14.45124073112499,120.98411927066195,2022-12-16,239
CR134641,158,"Advance shipping",0,"Quezon City",14.676,121.0437,14.607435909423453,121.0574876605044,2023-02-25,213
MC1160,159,"Shipping on time",0,Manila,14.5995,120.9842,14.535482446034887,121.06355298675928,2021-01-07,208
TK122635,160,"Late delivery",1,Parañaque,14.4793,121.0198,14.45124073112499,120.98411927066195,2022-12-16,239
TK77528,161,"Shipping on time",0,Caloocan,14.6507,120.9667,14.661941931808313,120.97641216274948,2022-03-28,236
MC152617,162,"Advance shipping",0,"Quezon City",14.676,121.0437,14.60983925516702,121.04795754086035,2023-06-09,210
MC133494,163,"Advance shipping",0,"Quezon City",14.676,121.0437,14.628277232188989,121.07883238399293,2023-02-18,206
MC132454,164,"Shipping on time",0,"Quezon City",14.676,121.0437,14.619070368687687,121.02050593078184,2023-02-12,226
TK122634,165,"Late delivery",1,Parañaque,14.4793,121.0198,14.45124073112499,120.98411927066195,2022-12-16,240
MC1158,166,"Shipping on time",0,Manila,14.5995,120.9842,14.535482446034887,121.06355298675928,2021-01-07,209
CR11215,167,"Advance shipping",0,Caloocan,14.6507,120.9667,14.634696151925898,120.96613777200331,2021-03-07,211
MC4332,168,"Advance shipping",0,"Quezon City",14.676,121.0437,14.585132625294042,121.06753636279846,2021-01-26,207
CR138272,169,"Advance shipping",0,Parañaque,14.4793,121.0198,14.531253430676882,121.0689018275951,2023-03-18,205
MC179079,170,"Late delivery",1,Parañaque,14.4793,121.0198,14.535127645400472,121.06281390211807,2024-01-10,227
CR152108,171,"Advance shipping",0,"Quezon City",14.676,121.0437,14.560222346671134,121.06342992090008,2023-06-06,211
TK124245,172,"Late delivery",1,Parañaque,14.4793,121.0198,14.5463774452511,121.06294410207583,2022-12-26,237
MC179072,173,"Advance shipping",0,"Quezon City",14.676,121.0437,14.65171643750902,121.09247792319626,2024-01-10,227
CR25195,174,"Shipping on time",0,Parañaque,14.4793,121.0198,14.544593026409478,121.06684922758195,2021-05-28,220
TK122636,175,"Late delivery",1,Parañaque,14.4793,121.0198,14.45124073112499,120.98411927066195,2022-12-16,240
MC176534,176,"Late delivery",1,Caloocan,14.6507,120.9667,14.74448060998179,120.9987677569024,2023-12-04,214
MC174266,177,"Late delivery",1,"Quezon City",14.676,121.0437,14.588970438101303,121.09777142647447,2023-11-01,232
CR135802,178,"Late delivery",1,Caloocan,14.6507,120.9667,14.660934118592118,120.96768142152362,2023-03-03,212
CR176485,179,"Late delivery",1,Parañaque,14.4793,121.0198,14.530847148430391,121.05571443448375,2023-12-04,212
MC11526,180,"Advance shipping",0,Parañaque,14.4793,121.0198,14.547536894471884,121.06232162992686,2021-03-09,206
MC168802,181,"Late delivery",1,Parañaque,14.4793,121.0198,14.538778327842035,121.05656592805549,2023-09-12,210
CR176478,182,"Late delivery",1,"Quezon City",14.676,121.0437,14.645076819355673,121.11252583968688,2023-12-03,219
CR168799,183,"Late delivery",1,Parañaque,14.4793,121.0198,14.538778327842035,121.05656592805549,2023-09-12,212
MC147289,184,"Late delivery",1,"Quezon City",14.676,121.0437,14.597994933666657,121.0520336675011,2023-05-08,232
TK48587,185,"Advance shipping",0,"Quezon City",14.676,121.0437,14.628277232188989,121.07883238399293,2021-10-11,237
MC3341,186,"Late delivery",1,Parañaque,14.4793,121.0198,14.391434449815597,121.03613807772858,2021-01-20,202
MC18347,187,"Late delivery",1,Manila,14.5995,120.9842,14.535482446034887,121.06355298675928,2021-04-17,207
CR3338,188,"Late delivery",1,Parañaque,14.4793,121.0198,14.391434449815597,121.03613807772858,2021-01-20,204
MC33072,189,"Advance shipping",0,Parañaque,14.4793,121.0198,14.547953894322694,121.0524700418324,2021-07-12,226
MC18348,190,"Late delivery",1,Manila,14.5995,120.9842,14.535482446034887,121.06355298675928,2021-04-17,209
TK124606,191,"Late delivery",1,Manila,14.5995,120.9842,14.543635336173358,120.98658019815254,2022-12-28,239
TK128429,192,"Late delivery",1,"Quezon City",14.676,121.0437,14.566236643415165,121.08193875819624,2023-01-20,237
CR15812,193,"Shipping on time",0,Parañaque,14.4793,121.0198,14.543119825118332,121.05153179120414,2021-04-03,201
MC37625,194,"Late delivery",1,"Quezon City",14.676,121.0437,14.691686897447042,121.0251625458013,2021-08-08,226
TK128427,195,"Late delivery",1,"Quezon City",14.676,121.0437,14.566236643415165,121.08193875819624,2023-01-20,240
CR132754,196,"Advance shipping",0,Manila,14.5995,120.9842,14.558163524333539,121.01036879777011,2023-02-14,233
MC150263,197,"Shipping on time",0,Parañaque,14.4793,121.0198,14.446598962560854,121.00225508351089,2023-05-26,228
CR160004,198,"Late delivery",1,Manila,14.5995,120.9842,14.524242414975765,121.08346825771356,2023-07-23,219
MC178846,199,"Late delivery",1,Manila,14.5995,120.9842,14.510983862272449,121.05910303831017,2024-01-07,228
MC8498,200,"Advance shipping",0,"Quezon City",14.676,121.0437,14.560222346671134,121.06342992090008,2021-02-19,228
MC25194,201,"Shipping on time",0,Parañaque,14.4793,121.0198,14.544593026409478,121.06684922758195,2021-05-28,227
TK108765,202,"Shipping canceled",0,Parañaque,14.4793,121.0198,14.465691236141781,120.98266545428211,2022-09-27,240
CR178927,203,"Late delivery",1,"Quezon City",14.676,121.0437,14.6176399337944,121.07101783591418,2024-01-08,216
CR22035,204,"Shipping on time",0,"Quezon City",14.676,121.0437,14.61961172379517,121.03102877906619,2021-05-09,211
TK108766,205,"Shipping canceled",0,Parañaque,14.4793,121.0198,14.465691236141781,120.98266545428211,2022-09-27,236
CR18112,206,"Late delivery",1,Caloocan,14.6507,120.9667,14.691709704465893,120.97894893266162,2021-04-16,220
TK48326,207,"Shipping canceled",0,"Quezon City",14.676,121.0437,14.611794054966229,121.03765759546091,2021-10-10,238
MC43489,208,"Late delivery",1,Parañaque,14.4793,121.0198,14.508691218130934,121.00723536084149,2021-09-11,208
TK56358,209,"Late delivery",1,"Quezon City",14.676,121.0437,14.568001088097693,121.06526794863424,2021-11-25,240
CR152104,210,"Advance shipping",0,"Quezon City",14.676,121.0437,14.560222346671134,121.06342992090008,2023-06-06,219
TK47568,211,"Late delivery",1,"Quezon City",14.676,121.0437,14.619813537262207,121.05999815885909,2021-10-05,235
TK56360,212,"Late delivery",1,"Quezon City",14.676,121.0437,14.568001088097693,121.06526794863424,2021-11-25,236
MC162921,213,"Late delivery",1,Parañaque,14.4793,121.0198,14.536940224251653,121.06470480415477,2023-08-09,232
TK128425,214,"Late delivery",1,"Quezon City",14.676,121.0437,14.566236643415165,121.08193875819624,2023-01-20,238
MC13574,215,"Advance shipping",0,"Quezon City",14.676,121.0437,14.607435909423453,121.0574876605044,2021-03-21,214
MC2751,216,"Advance shipping",0,"Quezon City",14.676,121.0437,14.608856409125828,121.0417350114898,2021-01-17,218
TK62107,217,"Late delivery",1,Manila,14.5995,120.9842,14.527007163946523,121.06455623327247,2021-12-28,235
TK56356,218,"Late delivery",1,"Quezon City",14.676,121.0437,14.568001088097693,121.06526794863424,2021-11-25,239
TK130130,219,"Late delivery",1,"Quezon City",14.676,121.0437,14.604115587588508,121.04675882904488,2023-01-30,238
TK75396,220,"Late delivery",1,Parañaque,14.4793,121.0198,14.438950660982123,120.96341197876576,2022-03-16,236
CR145416,221,"Advance shipping",0,"Quezon City",14.676,121.0437,14.616849334665433,121.0360935237781,2023-04-28,205
TK128428,222,"Late delivery",1,"Quezon City",14.676,121.0437,14.566236643415165,121.08193875819624,2023-01-20,235
TK58801,223,"Advance shipping",0,Parañaque,14.4793,121.0198,14.54074884655955,121.0670387506271,2021-12-10,236
TK81628,224,"Advance shipping",0,Caloocan,14.6507,120.9667,14.715608041422078,120.99279250515885,2022-04-21,237
MC24341,225,"Advance shipping",0,Caloocan,14.6507,120.9667,14.660934118592118,120.96768142152362,2021-05-23,217
TK99193,226,"Late delivery",1,"Quezon City",14.676,121.0437,14.604121222779268,121.05391886271902,2022-08-03,237
CR22514,227,"Advance shipping",0,Manila,14.5995,120.9842,14.586194151757466,120.9782458311303,2021-05-12,222
TK86080,228,"Late delivery",1,"Quezon City",14.676,121.0437,14.565550465197816,121.0993748120492,2022-05-18,237
CR22516,229,"Advance shipping",0,Manila,14.5995,120.9842,14.586194151757466,120.9782458311303,2021-05-12,213
TK82645,230,"Late delivery",1,"Quezon City",14.676,121.0437,14.582368035178975,121.0840495477282,2022-04-27,236
CR7152,231,"Advance shipping",0,Caloocan,14.6507,120.9667,14.674706834158586,120.96707586664434,2021-02-11,220
MC15114,232,"Shipping on time",0,"Quezon City",14.676,121.0437,14.568001088097693,121.06526794863424,2021-03-30,228
TK78290,233,"Late delivery",1,"Quezon City",14.676,121.0437,14.650427279845278,121.10566520164316,2022-04-02,238
TK107372,234,"Advance shipping",0,"Quezon City",14.676,121.0437,14.580342339147203,121.05617778134176,2022-09-19,238
CR165761,235,"Late delivery",1,"Quezon City",14.676,121.0437,14.669853772511571,121.12274211022327,2023-08-26,229
MC31783,236,"Shipping on time",0,"Quezon City",14.676,121.0437,14.607062000061443,121.02894853335707,2021-07-05,228
TK112132,237,"Advance shipping",0,"Quezon City",14.676,121.0437,14.609257453856298,121.02814171893348,2022-10-17,240
CR165762,238,"Late delivery",1,"Quezon City",14.676,121.0437,14.669853772511571,121.12274211022327,2023-08-26,213
TK119771,239,"Shipping on time",0,Caloocan,14.6507,120.9667,14.686795933346074,120.95434318919139,2022-11-30,235
MC36527,240,"Advance shipping",0,Caloocan,14.6507,120.9667,14.717216763335482,120.98331753139693,2021-08-02,208
CR165760,241,"Late delivery",1,"Quezon City",14.676,121.0437,14.669853772511571,121.12274211022327,2023-08-26,224
TK57220,242,"Late delivery",1,Caloocan,14.6507,120.9667,14.674706834158586,120.96707586664434,2021-11-30,240
MC157952,243,"Advance shipping",0,Parañaque,14.4793,121.0198,14.530363535080443,121.06018597195873,2023-07-11,234
TK78291,244,"Late delivery",1,"Quezon City",14.676,121.0437,14.650427279845278,121.10566520164316,2022-04-02,236
MC164014,245,"Advance shipping",0,"Quezon City",14.676,121.0437,14.604585145157374,121.02471686650506,2023-08-15,203
TK57221,246,"Late delivery",1,Caloocan,14.6507,120.9667,14.674706834158586,120.96707586664434,2021-11-30,240
TK55341,247,"Late delivery",1,"Quezon City",14.676,121.0437,14.674149235118321,121.12251984645847,2021-11-19,239
MC164011,248,"Advance shipping",0,"Quezon City",14.676,121.0437,14.604585145157374,121.02471686650506,2023-08-15,225
TK110081,249,"Late delivery",1,Parañaque,14.4793,121.0198,14.530648459103562,121.05729682012209,2022-10-05,240
MC137137,250,"Late delivery",1,Parañaque,14.4793,121.0198,14.54074884655955,121.0670387506271,2023-03-11,217
TK110079,251,"Late delivery",1,Parañaque,14.4793,121.0198,14.530648459103562,121.05729682012209,2022-10-05,238
MC11216,252,"Advance shipping",0,Caloocan,14.6507,120.9667,14.634696151925898,120.96613777200331,2021-03-07,227
MC138271,253,"Advance shipping",0,Parañaque,14.4793,121.0198,14.531253430676882,121.0689018275951,2023-03-18,203
TK55345,254,"Late delivery",1,"Quezon City",14.676,121.0437,14.674149235118321,121.12251984645847,2021-11-19,238
MC137138,255,"Late delivery",1,Parañaque,14.4793,121.0198,14.54074884655955,121.0670387506271,2023-03-11,214
TK110082,256,"Late delivery",1,Parañaque,14.4793,121.0198,14.530648459103562,121.05729682012209,2022-10-05,238
CR152616,257,"Advance shipping",0,"Quezon City",14.676,121.0437,14.60983925516702,121.04795754086035,2023-06-09,224
MC13577,258,"Advance shipping",0,"Quezon City",14.676,121.0437,14.607435909423453,121.0574876605044,2021-03-21,215
TK55344,259,"Late delivery",1,"Quezon City",14.676,121.0437,14.674149235118321,121.12251984645847,2021-11-19,240
MC158389,260,"Late delivery",1,"Quezon City",14.676,121.0437,14.566236643415165,121.08193875819624,2023-07-13,208
CR1796,261,"Late delivery",1,"Quezon City",14.676,121.0437,14.567577996028195,121.05302222110612,2021-01-11,233
MC173757,262,"Late delivery",1,"Quezon City",14.676,121.0437,14.614538723914453,121.03620473973099,2023-10-25,207
TK55343,263,"Late delivery",1,"Quezon City",14.676,121.0437,14.674149235118321,121.12251984645847,2021-11-19,240
CR134203,264,"Late delivery",1,Parañaque,14.4793,121.0198,14.53385512581454,121.0582934909391,2023-02-22,211
TK82504,265,"Late delivery",1,"Quezon City",14.676,121.0437,14.605710593858463,121.02744944145665,2022-04-26,236
MC158359,266,"Late delivery",1,"Quezon City",14.676,121.0437,14.619813537262207,121.05999815885909,2023-07-13,217
CR2740,267,"Late delivery",1,"Quezon City",14.676,121.0437,14.565550465197816,121.0993748120492,2021-01-17,233
TK99195,268,"Late delivery",1,"Quezon City",14.676,121.0437,14.604121222779268,121.05391886271902,2022-08-03,237
MC174706,269,"Shipping on time",0,Caloocan,14.6507,120.9667,14.661598511898516,121.00897165256455,2023-11-08,218
TK125077,270,"Shipping on time",0,Caloocan,14.6507,120.9667,14.717216763335482,120.98331753139693,2022-12-31,239
TK103140,271,"Advance shipping",0,"Quezon City",14.676,121.0437,14.604585145157374,121.02471686650506,2022-08-26,236
CR153271,272,"Late delivery",1,"Quezon City",14.676,121.0437,14.566861054549797,121.08739031659196,2023-06-13,224
TK58067,273,"Advance shipping",0,"Quezon City",14.676,121.0437,14.616402654411646,121.07549612082121,2021-12-05,240
TK82503,274,"Late delivery",1,"Quezon City",14.676,121.0437,14.605710593858463,121.02744944145665,2022-04-26,235
MC153267,275,"Late delivery",1,"Quezon City",14.676,121.0437,14.566861054549797,121.08739031659196,2023-06-13,225
TK65307,276,"Advance shipping",0,Caloocan,14.6507,120.9667,14.698416755393536,120.95137518383692,2022-01-16,238
TK81079,277,"Late delivery",1,"Quezon City",14.676,121.0437,14.610214375509148,121.02485122908358,2022-04-18,238
TK75183,278,"Advance shipping",0,Manila,14.5995,120.9842,14.511625654540607,121.054002722729,2022-03-15,235
CR140784,279,"Shipping on time",0,"Quezon City",14.676,121.0437,14.586368420847105,121.06967115599632,2023-04-01,211
CR159390,280,"Late delivery",1,Manila,14.5995,120.9842,14.537542965940705,121.03455071076243,2023-07-19,220
TK94030,281,"Advance shipping",0,Caloocan,14.6507,120.9667,14.652160128161459,120.9830761231138,2022-07-03,237
TK82502,282,"Late delivery",1,"Quezon City",14.676,121.0437,14.605710593858463,121.02744944145665,2022-04-26,240
MC140783,283,"Shipping on time",0,"Quezon City",14.676,121.0437,14.586368420847105,121.06967115599632,2023-04-01,207
TK57445,284,"Late delivery",1,"Quezon City",14.676,121.0437,14.599804155733255,121.0469448756957,2021-12-01,239
TK90349,285,"Late delivery",1,"Quezon City",14.676,121.0437,14.61961172379517,121.03102877906619,2022-06-12,237
TK87221,286,"Advance shipping",0,Manila,14.5995,120.9842,14.513819094247948,121.09483932735849,2022-05-24,236
MC134567,287,"Shipping on time",0,"Quezon City",14.676,121.0437,14.61961172379517,121.03102877906619,2023-02-24,214
TK57448,288,"Late delivery",1,"Quezon City",14.676,121.0437,14.599804155733255,121.0469448756957,2021-12-01,237
TK98108,289,"Late delivery",1,"Quezon City",14.676,121.0437,14.614054660623944,121.02820505468938,2022-07-27,238
TK99118,290,"Advance shipping",0,"Quezon City",14.676,121.0437,14.562965502602017,121.07380224109981,2022-08-02,240
MC177445,291,"Late delivery",1,"Quezon City",14.676,121.0437,14.589250518976945,121.08723912843246,2023-12-18,227
TK102983,292,"Advance shipping",0,"Quezon City",14.676,121.0437,14.612045879691882,121.03750006463146,2022-08-25,237
MC175224,293,"Late delivery",1,"Quezon City",14.676,121.0437,14.630576990889923,121.06100610016007,2023-11-15,215
TK91405,294,"Late delivery",1,Manila,14.5995,120.9842,14.535482446034887,121.06355298675928,2022-06-18,240
MC175878,295,"Late delivery",1,"Quezon City",14.676,121.0437,14.618873196652972,121.04664348567523,2023-11-25,228
TK79054,296,"Advance shipping",0,Manila,14.5995,120.9842,14.505489775776388,121.08994855726132,2022-04-06,239
TK94483,297,"Advance shipping",0,Caloocan,14.6507,120.9667,14.683273460514167,120.99652163232354,2022-07-06,239
TK84987,298,"Late delivery",1,"Quezon City",14.676,121.0437,14.612045879691882,121.03750006463146,2022-05-12,239
TK91719,299,"Late delivery",1,Manila,14.5995,120.9842,14.606230225289455,120.99437401262519,2022-06-20,237
TK91229,300,"Late delivery",1,"Quezon City",14.676,121.0437,14.612192029573201,121.03150976569532,2022-06-17,235
TK99691,301,"Late delivery",1,Manila,14.5995,120.9842,14.532739355585296,121.07917879738768,2022-08-06,235
TK118936,302,"Late delivery",1,"Quezon City",14.676,121.0437,14.628277232188989,121.07883238399293,2022-11-25,236
TK57446,303,"Late delivery",1,"Quezon City",14.676,121.0437,14.599804155733255,121.0469448756957,2021-12-01,240
TK81513,304,"Late delivery",1,"Quezon City",14.676,121.0437,14.566236643415165,121.08193875819624,2022-04-20,239
TK114168,305,"Shipping on time",0,"Quezon City",14.676,121.0437,14.676682012180502,121.02340890916382,2022-10-28,237
TK81629,306,"Advance shipping",0,Caloocan,14.6507,120.9667,14.715608041422078,120.99279250515885,2022-04-21,236
CR159389,307,"Late delivery",1,Manila,14.5995,120.9842,14.537542965940705,121.03455071076243,2023-07-19,211
CR36869,308,"Shipping canceled",0,"Quezon City",14.676,121.0437,14.585132625294042,121.06753636279846,2021-08-04,219
TK57447,309,"Late delivery",1,"Quezon City",14.676,121.0437,14.599804155733255,121.0469448756957,2021-12-01,240
CR40687,310,"Late delivery",1,"Quezon City",14.676,121.0437,14.601789797546147,121.02889418543214,2021-08-26,220
MC159387,311,"Late delivery",1,Manila,14.5995,120.9842,14.537542965940705,121.03455071076243,2023-07-19,207
CR36870,312,"Shipping canceled",0,"Quezon City",14.676,121.0437,14.585132625294042,121.06753636279846,2021-08-04,201
MC33071,313,"Advance shipping",0,Parañaque,14.4793,121.0198,14.547953894322694,121.0524700418324,2021-07-12,210
TK87545,314,"Shipping on time",0,"Quezon City",14.676,121.0437,14.619070368687687,121.02050593078184,2022-05-26,240
MC166823,315,"Late delivery",1,Caloocan,14.6507,120.9667,14.673506719827193,120.99441156279707,2023-09-01,232
CR159388,316,"Late delivery",1,Manila,14.5995,120.9842,14.537542965940705,121.03455071076243,2023-07-19,222
MC166821,317,"Late delivery",1,Caloocan,14.6507,120.9667,14.673506719827193,120.99441156279707,2023-09-01,228
MC155664,318,"Late delivery",1,Parañaque,14.4793,121.0198,14.438950660982123,120.96341197876576,2023-06-27,225
MC159386,319,"Late delivery",1,Manila,14.5995,120.9842,14.537542965940705,121.03455071076243,2023-07-19,225
CR17716,320,"Late delivery",1,"Quezon City",14.676,121.0437,14.61890161130475,121.04445159477596,2021-04-14,201
MC36529,321,"Advance shipping",0,Caloocan,14.6507,120.9667,14.717216763335482,120.98331753139693,2021-08-02,217
TK121346,322,"Late delivery",1,Manila,14.5995,120.9842,14.555413608313923,121.0021218103749,2022-12-09,235
CR134569,323,"Shipping on time",0,"Quezon City",14.676,121.0437,14.61961172379517,121.03102877906619,2023-02-24,219
MC165909,324,"Late delivery",1,Parañaque,14.4793,121.0198,14.545109274839152,121.00211279373812,2023-08-26,209
TK114663,325,"Late delivery",1,Caloocan,14.6507,120.9667,14.686795933346074,120.95434318919139,2022-10-31,239
TK63963,326,"Late delivery",1,Caloocan,14.6507,120.9667,14.652160128161459,120.9830761231138,2022-01-08,237
TK50712,327,"Late delivery",1,Parañaque,14.4793,121.0198,14.522217868941107,121.00918670352472,2021-10-24,237
CR36526,328,"Advance shipping",0,Caloocan,14.6507,120.9667,14.717216763335482,120.98331753139693,2021-08-02,224
TK121345,329,"Late delivery",1,Manila,14.5995,120.9842,14.555413608313923,121.0021218103749,2022-12-09,237
TK84991,330,"Late delivery",1,"Quezon City",14.676,121.0437,14.612045879691882,121.03750006463146,2022-05-12,239
TK82689,331,"Shipping on time",0,"Quezon City",14.676,121.0437,14.602671292128667,121.04642168744134,2022-04-27,237
CR165910,332,"Late delivery",1,Parañaque,14.4793,121.0198,14.545109274839152,121.00211279373812,2023-08-26,233
MC33012,333,"Shipping on time",0,"Quezon City",14.676,121.0437,14.616849334665433,121.0360935237781,2021-07-12,225
CR35536,334,"Advance shipping",0,"Quezon City",14.676,121.0437,14.597994933666657,121.0520336675011,2021-07-27,219
MC5407,335,"Late delivery",1,Caloocan,14.6507,120.9667,14.68231210031762,120.96109445906346,2021-02-01,218
TK112418,336,"Shipping on time",0,Parañaque,14.4793,121.0198,14.391434449815597,121.03613807772858,2022-10-19,238
CR37624,337,"Late delivery",1,"Quezon City",14.676,121.0437,14.691686897447042,121.0251625458013,2021-08-08,211
TK82687,338,"Shipping on time",0,"Quezon City",14.676,121.0437,14.602671292128667,121.04642168744134,2022-04-27,239
TK45728,339,"Late delivery",1,"Quezon City",14.676,121.0437,14.600147753376651,121.02387472361687,2021-09-25,239
CR162086,340,"Shipping canceled",0,"Quezon City",14.676,121.0437,14.562965502602017,121.07380224109981,2023-08-04,216
TK91231,341,"Late delivery",1,"Quezon City",14.676,121.0437,14.612192029573201,121.03150976569532,2022-06-17,238
TK46447,342,"Shipping canceled",0,Parañaque,14.4793,121.0198,14.541376774154022,121.06659734619464,2021-09-29,235
CR5408,343,"Late delivery",1,Caloocan,14.6507,120.9667,14.68231210031762,120.96109445906346,2021-02-01,216
TK91230,344,"Late delivery",1,"Quezon City",14.676,121.0437,14.612192029573201,121.03150976569532,2022-06-17,240
TK115729,345,"Late delivery",1,Caloocan,14.6507,120.9667,14.686795933346074,120.95434318919139,2022-11-06,238
TK46446,346,"Shipping canceled",0,Parañaque,14.4793,121.0198,14.541376774154022,121.06659734619464,2021-09-29,236
MC142724,347,"Late delivery",1,Manila,14.5995,120.9842,14.511625654540607,121.054002722729,2023-04-12,227
MC166992,348,"Late delivery",1,Caloocan,14.6507,120.9667,14.627599217302723,121.00214092785691,2023-09-02,218
TK84989,349,"Late delivery",1,"Quezon City",14.676,121.0437,14.612045879691882,121.03750006463146,2022-05-12,237
MC154470,350,"Advance shipping",0,Manila,14.5995,120.9842,14.532739355585296,121.07917879738768,2023-06-21,209
MC32807,351,"Late delivery",1,"Quezon City",14.676,121.0437,14.6004716856037,121.03623655810601,2021-07-11,215
TK114660,352,"Late delivery",1,Caloocan,14.6507,120.9667,14.686795933346074,120.95434318919139,2022-10-31,236
MC32806,353,"Late delivery",1,"Quezon City",14.676,121.0437,14.6004716856037,121.03623655810601,2021-07-11,217
MC142722,354,"Late delivery",1,Manila,14.5995,120.9842,14.511625654540607,121.054002722729,2023-04-12,228
CR19758,355,"Late delivery",1,Parañaque,14.4793,121.0198,14.532801658551023,121.05069494249364,2021-04-26,229
MC142723,356,"Late delivery",1,Manila,14.5995,120.9842,14.511625654540607,121.054002722729,2023-04-12,234
MC162635,357,"Shipping on time",0,"Quezon City",14.676,121.0437,14.585708494750513,121.05682652933227,2023-08-07,227
TK84990,358,"Late delivery",1,"Quezon City",14.676,121.0437,14.612045879691882,121.03750006463146,2022-05-12,236
MC19759,359,"Late delivery",1,Parañaque,14.4793,121.0198,14.532801658551023,121.05069494249364,2021-04-26,217
CR160746,360,"Late delivery",1,Manila,14.5995,120.9842,14.527007163946523,121.06455623327247,2023-07-27,212
CR7094,361,"Late delivery",1,"Quezon City",14.676,121.0437,14.615069737429796,121.0398957904241,2021-02-11,216
CR158388,362,"Late delivery",1,"Quezon City",14.676,121.0437,14.566236643415165,121.08193875819624,2023-07-13,205
MC21448,363,"Late delivery",1,Parañaque,14.4793,121.0198,14.391230124832346,121.02934431201717,2021-05-06,214
TK128660,364,"Late delivery",1,"Quezon City",14.676,121.0437,14.612045879691882,121.03750006463146,2023-01-21,239
MC166788,365,"Shipping on time",0,"Quezon City",14.676,121.0437,14.617035634701173,121.0236233608179,2023-09-01,203
MC15112,366,"Shipping on time",0,"Quezon City",14.676,121.0437,14.568001088097693,121.06526794863424,2021-03-30,209
MC7092,367,"Late delivery",1,"Quezon City",14.676,121.0437,14.615069737429796,121.0398957904241,2021-02-11,228
TK114661,368,"Late delivery",1,Caloocan,14.6507,120.9667,14.686795933346074,120.95434318919139,2022-10-31,236
CR133467,369,"Late delivery",1,Caloocan,14.6507,120.9667,14.672376208959498,120.9595219197306,2023-02-18,201
MC158360,370,"Late delivery",1,"Quezon City",14.676,121.0437,14.619813537262207,121.05999815885909,2023-07-13,227
MC133466,371,"Late delivery",1,Caloocan,14.6507,120.9667,14.672376208959498,120.9595219197306,2023-02-18,207
MC7153,372,"Advance shipping",0,Caloocan,14.6507,120.9667,14.674706834158586,120.96707586664434,2021-02-11,223
CR24865,373,"Late delivery",1,Parañaque,14.4793,121.0198,14.546156611774261,121.05781804005412,2021-05-26,213
MC40686,374,"Late delivery",1,"Quezon City",14.676,121.0437,14.601789797546147,121.02889418543214,2021-08-26,214
MC7154,375,"Advance shipping",0,Caloocan,14.6507,120.9667,14.674706834158586,120.96707586664434,2021-02-11,206
MC21247,376,"Late delivery",1,Parañaque,14.4793,121.0198,14.531110089738956,121.05575886846125,2021-05-05,215
TK131025,377,"Late delivery",1,"Quezon City",14.676,121.0437,14.61961172379517,121.03102877906619,2023-02-04,240
MC19770,378,"Advance shipping",0,Manila,14.5995,120.9842,14.541759676059485,121.06512968201667,2021-04-26,232
CR17715,379,"Late delivery",1,"Quezon City",14.676,121.0437,14.61890161130475,121.04445159477596,2021-04-14,230
TK62445,380,"Late delivery",1,Manila,14.5995,120.9842,14.513660184260141,121.07510940937802,2021-12-30,240
TK62444,381,"Late delivery",1,Manila,14.5995,120.9842,14.513660184260141,121.07510940937802,2021-12-30,235
MC2737,382,"Late delivery",1,"Quezon City",14.676,121.0437,14.565550465197816,121.0993748120492,2021-01-17,223
CR153268,383,"Late delivery",1,"Quezon City",14.676,121.0437,14.566861054549797,121.08739031659196,2023-06-13,212
TK62446,384,"Late delivery",1,Manila,14.5995,120.9842,14.513660184260141,121.07510940937802,2021-12-30,239
TK72021,385,"Late delivery",1,"Quezon City",14.676,121.0437,14.607653196517056,121.06850255098055,2022-02-25,237
TK110080,386,"Late delivery",1,Parañaque,14.4793,121.0198,14.530648459103562,121.05729682012209,2022-10-05,240
TK61128,387,"Late delivery",1,Caloocan,14.6507,120.9667,14.673506719827193,120.99441156279707,2021-12-23,236
TK131024,388,"Late delivery",1,"Quezon City",14.676,121.0437,14.61961172379517,121.03102877906619,2023-02-04,238
MC149601,389,"Advance shipping",0,"Quezon City",14.676,121.0437,14.600147753376651,121.02387472361687,2023-05-22,202
TK61127,390,"Late delivery",1,Caloocan,14.6507,120.9667,14.673506719827193,120.99441156279707,2021-12-23,239
TK131023,391,"Late delivery",1,"Quezon City",14.676,121.0437,14.61961172379517,121.03102877906619,2023-02-04,238
TK75762,392,"Late delivery",1,Parañaque,14.4793,121.0198,14.391434449815597,121.03613807772858,2022-03-18,236
CR146985,393,"Advance shipping",0,Parañaque,14.4793,121.0198,14.542472485874288,121.06461298275237,2023-05-07,204
TK59461,394,"Late delivery",1,"Quezon City",14.676,121.0437,14.585132625294042,121.06753636279846,2021-12-13,236
TK66687,395,"Late delivery",1,Parañaque,14.4793,121.0198,14.538778327842035,121.05656592805549,2022-01-24,237
CR168801,396,"Late delivery",1,Parañaque,14.4793,121.0198,14.538778327842035,121.05656592805549,2023-09-12,233
MC23286,397,"Shipping on time",0,Parañaque,14.4793,121.0198,14.542472485874288,121.06461298275237,2021-05-17,202
TK51561,398,"Late delivery",1,"Quezon City",14.676,121.0437,14.566236643415165,121.08193875819624,2021-10-29,238
TK56359,399,"Late delivery",1,"Quezon City",14.676,121.0437,14.568001088097693,121.06526794863424,2021-11-25,235
MC158361,400,"Late delivery",1,"Quezon City",14.676,121.0437,14.619813537262207,121.05999815885909,2023-07-13,217
TK61126,401,"Late delivery",1,Caloocan,14.6507,120.9667,14.673506719827193,120.99441156279707,2021-12-23,240
MC168800,402,"Late delivery",1,Parañaque,14.4793,121.0198,14.538778327842035,121.05656592805549,2023-09-12,225
TK51562,403,"Late delivery",1,"Quezon City",14.676,121.0437,14.566236643415165,121.08193875819624,2021-10-29,236
CR40685,404,"Late delivery",1,"Quezon City",14.676,121.0437,14.601789797546147,121.02889418543214,2021-08-26,229
TK126395,405,"Late delivery",1,"Quezon City",14.676,121.0437,14.61564745675367,121.04159750418886,2023-01-08,239
TK51560,406,"Late delivery",1,"Quezon City",14.676,121.0437,14.566236643415165,121.08193875819624,2021-10-29,239
TK63962,407,"Late delivery",1,Caloocan,14.6507,120.9667,14.652160128161459,120.9830761231138,2022-01-08,235
TK131021,408,"Late delivery",1,"Quezon City",14.676,121.0437,14.61961172379517,121.03102877906619,2023-02-04,240
TK61129,409,"Late delivery",1,Caloocan,14.6507,120.9667,14.673506719827193,120.99441156279707,2021-12-23,235
TK115042,410,"Late delivery",1,"Quezon City",14.676,121.0437,14.61961172379517,121.03102877906619,2022-11-02,239
CR31785,411,"Shipping on time",0,"Quezon City",14.676,121.0437,14.607062000061443,121.02894853335707,2021-07-05,205
MC158363,412,"Late delivery",1,"Quezon City",14.676,121.0437,14.619813537262207,121.05999815885909,2023-07-13,217
TK104781,413,"Late delivery",1,Parañaque,14.4793,121.0198,14.535049310983204,121.05205154715297,2022-09-04,240
TK89644,414,"Late delivery",1,Manila,14.5995,120.9842,14.533821772768928,121.07659611047859,2022-06-07,239
MC158362,415,"Late delivery",1,"Quezon City",14.676,121.0437,14.619813537262207,121.05999815885909,2023-07-13,210
TK54948,416,"Late delivery",1,"Quezon City",14.676,121.0437,14.610219606859815,121.05409156445795,2021-11-17,237
MC31784,417,"Shipping on time",0,"Quezon City",14.676,121.0437,14.607062000061443,121.02894853335707,2021-07-05,221
TK89643,418,"Late delivery",1,Manila,14.5995,120.9842,14.533821772768928,121.07659611047859,2022-06-07,240
MC153269,419,"Late delivery",1,"Quezon City",14.676,121.0437,14.566861054549797,121.08739031659196,2023-06-13,203
TK50330,420,"Late delivery",1,Manila,14.5995,120.9842,14.547284889907841,121.01860305534545,2021-10-21,238
MC157266,421,"Late delivery",1,"Quezon City",14.676,121.0437,14.61807845543891,121.04138130012096,2023-07-07,202
TK50328,422,"Late delivery",1,Manila,14.5995,120.9842,14.547284889907841,121.01860305534545,2021-10-21,240
CR7093,423,"Late delivery",1,"Quezon City",14.676,121.0437,14.615069737429796,121.0398957904241,2021-02-11,211
CR24949,424,"Late delivery",1,"Quezon City",14.676,121.0437,14.612606094249157,121.0366727089292,2021-05-26,212
TK122321,425,"Late delivery",1,Manila,14.5995,120.9842,14.532384103017286,121.00064647438066,2022-12-15,235
MC32805,426,"Late delivery",1,"Quezon City",14.676,121.0437,14.6004716856037,121.03623655810601,2021-07-11,203
TK81514,427,"Late delivery",1,"Quezon City",14.676,121.0437,14.566236643415165,121.08193875819624,2022-04-20,238
MC31786,428,"Shipping on time",0,"Quezon City",14.676,121.0437,14.607062000061443,121.02894853335707,2021-07-05,206
TK57218,429,"Late delivery",1,Caloocan,14.6507,120.9667,14.674706834158586,120.96707586664434,2021-11-30,236
MC32804,430,"Late delivery",1,"Quezon City",14.676,121.0437,14.6004716856037,121.03623655810601,2021-07-11,226
TK111308,431,"Late delivery",1,Parañaque,14.4793,121.0198,14.398555785500031,121.01080328050145,2022-10-12,236
TK57222,432,"Late delivery",1,Caloocan,14.6507,120.9667,14.674706834158586,120.96707586664434,2021-11-30,239
CR166994,433,"Late delivery",1,Caloocan,14.6507,120.9667,14.627599217302723,121.00214092785691,2023-09-02,230
TK50329,434,"Late delivery",1,Manila,14.5995,120.9842,14.547284889907841,121.01860305534545,2021-10-21,237
CR6997,435,"Late delivery",1,Parañaque,14.4793,121.0198,14.544593026409478,121.06684922758195,2021-02-10,229
CR172903,436,"Shipping on time",0,"Quezon City",14.676,121.0437,14.56292947466758,121.08763917362097,2023-10-12,220
MC6998,437,"Late delivery",1,Parañaque,14.4793,121.0198,14.544593026409478,121.06684922758195,2021-02-10,214
TK50331,438,"Late delivery",1,Manila,14.5995,120.9842,14.547284889907841,121.01860305534545,2021-10-21,237
MC21248,439,"Late delivery",1,Parañaque,14.4793,121.0198,14.531110089738956,121.05575886846125,2021-05-05,227
MC161745,440,"Advance shipping",0,"Quezon City",14.676,121.0437,14.601789797546147,121.02889418543214,2023-08-02,208
TK57219,441,"Late delivery",1,Caloocan,14.6507,120.9667,14.674706834158586,120.96707586664434,2021-11-30,237
MC137579,442,"Late delivery",1,Caloocan,14.6507,120.9667,14.680480973311218,120.97383910890095,2023-03-13,218
TK75761,443,"Late delivery",1,Parañaque,14.4793,121.0198,14.391434449815597,121.03613807772858,2022-03-18,240
TK49054,444,"Advance shipping",0,Parañaque,14.4793,121.0198,14.531758371583892,121.06790815961352,2021-10-14,238
TK122320,445,"Late delivery",1,Manila,14.5995,120.9842,14.532384103017286,121.00064647438066,2022-12-15,236
TK51503,446,"Late delivery",1,Parañaque,14.4793,121.0198,14.545990240216245,121.06025144686014,2021-10-28,238
CR169326,447,"Advance shipping",0,"Quezon City",14.676,121.0437,14.698696380405403,121.06823941773571,2023-09-15,211
TK86748,448,"Shipping on time",0,Parañaque,14.4793,121.0198,14.53328651426666,121.05567823136754,2022-05-22,235
TK116189,449,"Late delivery",1,Caloocan,14.6507,120.9667,14.738787071489531,120.98860413561445,2022-11-09,236
CR131628,450,"Shipping on time",0,"Quezon City",14.676,121.0437,14.650427279845278,121.10566520164316,2023-02-07,205
TK116361,451,"Shipping canceled",0,"Quezon City",14.676,121.0437,14.676682012180502,121.02340890916382,2022-11-10,238
MC157265,452,"Late delivery",1,"Quezon City",14.676,121.0437,14.61807845543891,121.04138130012096,2023-07-07,226
TK128918,453,"Late delivery",1,"Quezon City",14.676,121.0437,14.6449657717114,121.12602034380289,2023-01-23,240
MC11672,454,"Late delivery",1,Caloocan,14.6507,120.9667,14.673506719827193,120.99441156279707,2021-03-09,217
CR30821,455,"Advance shipping",0,"Quezon City",14.676,121.0437,14.647312218870328,121.12642299366782,2021-06-30,220
TK70016,456,"Shipping canceled",0,Caloocan,14.6507,120.9667,14.672376208959498,120.9595219197306,2022-02-13,238
MC137576,457,"Late delivery",1,Caloocan,14.6507,120.9667,14.680480973311218,120.97383910890095,2023-03-13,232
TK68118,458,"Shipping on time",0,"Quezon City",14.676,121.0437,14.647312218870328,121.12642299366782,2022-02-01,236
TK51563,459,"Late delivery",1,"Quezon City",14.676,121.0437,14.566236643415165,121.08193875819624,2021-10-29,240
TK127670,460,"Shipping on time",0,Caloocan,14.6507,120.9667,14.680480973311218,120.97383910890095,2023-01-15,238
MC168013,461,"Late delivery",1,Parañaque,14.4793,121.0198,14.53495084759309,121.05112757325277,2023-09-08,206
TK89642,462,"Late delivery",1,Manila,14.5995,120.9842,14.533821772768928,121.07659611047859,2022-06-07,239
CR35091,463,"Advance shipping",0,"Quezon City",14.676,121.0437,14.6185316146524,121.04343506966106,2021-07-24,211
MC29946,464,"Late delivery",1,"Quezon City",14.676,121.0437,14.614054660623944,121.02820505468938,2021-06-24,215
MC32840,465,"Advance shipping",0,"Quezon City",14.676,121.0437,14.619070368687687,121.02050593078184,2021-07-11,227
MC35089,466,"Advance shipping",0,"Quezon City",14.676,121.0437,14.6185316146524,121.04343506966106,2021-07-24,209
TK73059,467,"Advance shipping",0,Manila,14.5995,120.9842,14.524242414975765,121.08346825771356,2022-03-02,239
MC39032,468,"Advance shipping",0,Manila,14.5995,120.9842,14.535044111055363,121.02009048625835,2021-08-16,202
MC133465,469,"Late delivery",1,Caloocan,14.6507,120.9667,14.672376208959498,120.9595219197306,2023-02-18,208
TK75972,470,"Shipping on time",0,Parañaque,14.4793,121.0198,14.546156611774261,121.05781804005412,2022-03-19,239
TK61125,471,"Late delivery",1,Caloocan,14.6507,120.9667,14.673506719827193,120.99441156279707,2021-12-23,239
MC174298,472,"Shipping on time",0,Manila,14.5995,120.9842,14.509840072374642,121.08338795656654,2023-11-02,232
TK53676,473,"Late delivery",1,"Quezon City",14.676,121.0437,14.61807845543891,121.04138130012096,2021-11-10,240
MC39031,474,"Advance shipping",0,Manila,14.5995,120.9842,14.535044111055363,121.02009048625835,2021-08-16,210
MC40946,475,"Shipping on time",0,Parañaque,14.4793,121.0198,14.54496782689818,121.06477358722572,2021-08-28,203
MC26627,476,"Advance shipping",0,Parañaque,14.4793,121.0198,14.531134528686417,121.05845222725388,2021-06-05,232
MC149906,477,"Shipping on time",0,"Quezon City",14.676,121.0437,14.604115587588508,121.04675882904488,2023-05-24,225
TK53979,478,"Late delivery",1,Caloocan,14.6507,120.9667,14.65410617962862,120.95007307739004,2021-11-12,236
MC39030,479,"Advance shipping",0,Manila,14.5995,120.9842,14.535044111055363,121.02009048625835,2021-08-16,226
MC179000,480,"Late delivery",1,"Quezon City",14.676,121.0437,14.572411140121902,121.05125379795325,2024-01-09,234
CR168014,481,"Late delivery",1,Parañaque,14.4793,121.0198,14.53495084759309,121.05112757325277,2023-09-08,201
TK58702,482,"Shipping on time",0,Parañaque,14.4793,121.0198,14.539035570937243,121.05798304730838,2021-12-09,237
MC35090,483,"Advance shipping",0,"Quezon City",14.676,121.0437,14.6185316146524,121.04343506966106,2021-07-24,217
MC26626,484,"Advance shipping",0,Parañaque,14.4793,121.0198,14.531134528686417,121.05845222725388,2021-06-05,215
MC32838,485,"Advance shipping",0,"Quezon City",14.676,121.0437,14.619070368687687,121.02050593078184,2021-07-11,210
CR173839,486,"Late delivery",1,"Quezon City",14.676,121.0437,14.600249802377308,121.04245421574679,2023-10-26,211
CR34052,487,"Shipping on time",0,"Quezon City",14.676,121.0437,14.61880493426584,121.0490890530302,2021-07-18,212
CR37267,488,"Advance shipping",0,"Quezon City",14.676,121.0437,14.582368035178975,121.0840495477282,2021-08-06,229
MC7889,489,"Late delivery",1,Caloocan,14.6507,120.9667,14.68524494826351,120.96395366412024,2021-02-16,226
CR34051,490,"Shipping on time",0,"Quezon City",14.676,121.0437,14.61880493426584,121.0490890530302,2021-07-18,231
CR133411,491,"Late delivery",1,Caloocan,14.6507,120.9667,14.68231210031762,120.96109445906346,2023-02-18,216
MC133409,492,"Late delivery",1,Caloocan,14.6507,120.9667,14.68231210031762,120.96109445906346,2023-02-18,203
CR26628,493,"Advance shipping",0,Parañaque,14.4793,121.0198,14.531134528686417,121.05845222725388,2021-06-05,212
CR178214,494,"Late delivery",1,"Quezon City",14.676,121.0437,14.564033477347376,121.07830639591282,2023-12-29,213
CR34054,495,"Shipping on time",0,"Quezon City",14.676,121.0437,14.61880493426584,121.0490890530302,2021-07-18,229
TK64076,496,"Late delivery",1,"Quezon City",14.676,121.0437,14.603240038960465,121.04304180484549,2022-01-09,237
TK57007,497,"Late delivery",1,"Quezon City",14.676,121.0437,14.619545239246959,121.04734313545502,2021-11-29,236
TK130598,498,"Shipping on time",0,"Quezon City",14.676,121.0437,14.61880493426584,121.0490890530302,2023-02-01,236
MC18049,499,"Shipping on time",0,Manila,14.5995,120.9842,14.54714387706215,121.07232768244326,2021-04-16,218
TK57006,500,"Late delivery",1,"Quezon City",14.676,121.0437,14.619545239246959,121.04734313545502,2021-11-29,239
