"Order Item Id",Type,"Benefit per order","Sales per customer","Order Item Discount Rate","Order Item Profit Ratio","Order Item Quantity",Sales,"Order Item Total","Order Profit Per Order","Product Price","order date (DateOrders)"
MC179213,CASH,132.6699982,288.4200134,0.119999997,0.460000008,1,1020495.51,898036.090522776,413086.61319544795,1020495.51,2024-01-12
TK101052,TRANSFER,79.16000366,272.9700012,0.090000004,0.289999992,3,933998.5945363679,849930.314536368,246475.75379592238,311332.85693681036,2022-08-14
TK121217,TRANSFER,46.29000092,94.45999908,0.059999999,0.49000001,4,311239.45153545117,294114.4315354512,144130.39846454878,77809.86288386279,2022-12-08
TK121561,DEBIT,22.5,225,0.100000001,0.100000001,5,778410,700569,70056.9,155682,2022-12-10
MC133575,TRANSFER,11.88000011,95,0.050000001,0.129999995,2,311364,295795.8,36990.04354250039,155682,2023-02-19
CR179190,PAYMENT,131.6900024,268.7600098,0.180000007,0.49000001,1,1020495.51,836821.9169136719,410035.25907273596,1020495.51,2024-01-12
MC179143,DEBIT,20.87999916,298.25,0.090000004,0.07,1,1020495.51,928643.1299999999,65012.8005845424,1020495.51,2024-01-11
CR179139,CASH,78,278.5899963,0.150000006,0.280000001,1,1020495.51,867428.9560795319,242863.91999999995,1020495.51,2024-01-11
CR179131,TRANSFER,28.27000046,321.2000122,0.02,0.090000004,1,1020495.51,1000101.2059864079,88022.60423227439,1020495.51,2024-01-11
MC179128,PAYMENT,116.7600021,311.3599854,0.050000001,0.379999995,1,1020495.51,969462.9049408559,363548.61293864396,1020495.51,2024-01-11
CR145886,TRANSFER,-89.98999786,224.9600067,0.25,-0.400000006,5,933936.355986408,700444.4752613879,-280196.45693681034,186787.26883091519,2023-05-01
TK124607,TRANSFER,-46.0699997,230.3600006,0.039999999,-0.200000003,4,747149.0752613879,717258.112268184,-143445.39386590797,186787.26883091519,2022-12-28
TK73253,DEBIT,40.22000122,118.2900009,0.090000004,0.340000004,1,404742.08072502,368312.47840227594,125230.60459864078,404742.08072502,2022-03-03
TK54942,DEBIT,38.61000061,116.9899979,0.100000001,0.330000013,1,404742.08072502,364264.73706135596,120217.64229932039,404742.08072502,2021-11-17
TK104041,DEBIT,-171.5899963,114.3899994,0.119999997,-1.5,1,404742.08072502,356169.27773181594,-534269.476079532,404742.08072502,2022-08-31
CR43614,DEBIT,49.15000153,434.9599915,0.129999995,0.109999999,5,1556664.355986408,1354308.8279340598,153035.41076386918,311332.85693681036,2021-09-12
MC170721,DEBIT,145.1900024,399.9599915,0.200000003,0.360000014,5,1556664.355986408,1245331.4279340599,452069.399072736,311332.85693681036,2023-09-23
TK48340,DEBIT,-14.39999962,287.9500122,0.039999999,-0.050000001,5,933936.355986408,896572.6759864079,-44836.414816816796,186787.26883091519,2021-10-10
TK60332,TRANSFER,25.80999947,82.45999908,0.25,0.310000002,2,342313.589072736,256750.75153545119,80363.0467497708,171156.7945986408,2021-12-19
TK60332,TRANSFER,10.51000023,33.58000183,0.159999996,0.310000002,2,124483.32576772559,104556.0368979612,32724.35711613719,62241.662883862795,2021-12-19
TK77528,TRANSFER,42.63000107,87,0.129999995,0.49000001,2,311364,270886.67999999993,132734.4765315948,155682,2022-03-28
MC179079,DEBIT,118.9700012,327.75,0,0.360000014,1,1020495.51,1020495.51,370429.75453636795,1020495.51,2024-01-10
MC179072,PAYMENT,-502.9299927,304.8099976,0.07,-1.649999976,1,1020495.51,949068.6009272638,-1565942.942470428,1020495.51,2024-01-10
MC176534,DEBIT,93.15000153,321.2000122,0.02,0.289999992,1,1020495.51,1000101.2059864079,290035.57076386915,1020495.51,2023-12-04
CR176485,PAYMENT,33.59000015,268.7600098,0.180000007,0.129999995,1,1020495.51,836821.9169136719,104587.168067046,1020495.51,2023-12-04
CR176478,CASH,84.94999695,314.6400146,0.039999999,0.270000011,1,1020495.51,979675.7350591437,264503.708503398,1020495.51,2023-12-03
TK48587,TRANSFER,-28.69000053,176,0.119999997,-0.159999996,4,622728,548000.6399999999,-89330.33325022919,155682,2021-10-11
MC33072,TRANSFER,43.5,174,0.129999995,0.25,4,622728,541773.3599999999,135443.33999999997,155682,2021-07-12
TK124607,TRANSFER,33.27000046,127.9700012,0.200000003,0.25999999,4,498057.875261388,398452.5145363679,103590.80423227439,124514.4688309152,2022-12-28
MC37625,TRANSFER,63.75,170,0.150000006,0.379999995,4,622728,529318.7999999999,198494.55,155682,2021-08-08
CR160004,TRANSFER,58.5,150,0.25,0.389999986,4,622728,467046,182147.93999999997,155682,2023-07-23
TK108765,TRANSFER,55.79000092,223.1600037,0.07,0.25,4,747149.0752613879,694839.913920468,173709.97846454877,186787.26883091519,2022-09-27
TK108765,TRANSFER,19.36000061,176,0.119999997,0.109999999,4,622728,548000.6399999999,60280.072299320396,155682,2022-09-27
TK48326,TRANSFER,9,150,0.25,0.059999999,4,622728,467046,28022.76,155682,2021-10-10
MC43489,DEBIT,56.70000076,210,0.159999996,0.270000011,5,778410,653864.4,176543.3903663664,155682,2021-09-11
TK47568,DEBIT,102.5,205,0.180000007,0.5,5,778410,638296.2,319148.1,155682,2021-10-05
MC162921,DEBIT,80.33999634,163.9600067,0.180000007,0.49000001,5,622572.308347716,510512.43526138796,250149.82620407757,124514.4688309152,2023-08-09
MC155727,DEBIT,6.150000095,205,0.180000007,0.029999999,5,778410,638296.2,19148.8862957958,155682,2023-06-28
TK47568,DEBIT,96,200,0.200000003,0.479999989,5,778410,622728,298909.43999999994,155682,2021-10-05
TK117704,DEBIT,58.15999985,118.6999969,0.050000001,0.49000001,5,389049.30834771594,369589.05834771594,181089.30193295397,77809.86288386279,2022-11-18
TK62544,DEBIT,37.34999847,110.4899979,0.150000006,0.340000004,1,404742.08072502,344026.077061356,116294.44923613078,404742.08072502,2021-12-31
TK58068,DEBIT,-71.09999847,106.5899963,0.180000007,-0.670000017,1,404742.08072502,331882.87607953197,-221379.79923613078,404742.08072502,2021-12-05
CR178084,DEBIT,174.0700073,378.4100037,0.180000007,0.460000008,1,1436882.6214500398,1178232.5239204678,541991.337529572,1436882.6214500398,2023-12-27
MC178281,DEBIT,36.91999817,369.1799927,0.200000003,0.100000001,1,1436882.6214500398,1149493.592470428,114955.58310203879,1436882.6214500398,2023-12-30
TK104041,DEBIT,-7.329999924,44.99000168,0.25,-0.159999996,1,186787.26883091519,140082.66883091518,-22822.98096336336,186787.26883091519,2022-08-31
TK69828,DEBIT,-122.5,49,0.02,-2.5,1,155682,152568.36,-381420.89999999997,155682,2022-02-12
MC175136,DEBIT,144.6499939,516.5999756,0.029999999,0.280000001,1,1658262.4444432436,1608506.348027184,450388.00700679596,1658262.4444432436,2023-11-14
TK73060,TRANSFER,39.84000015,83,0.170000002,0.479999989,2,311364,258432.11999999997,124047.41806704599,155682,2022-03-02
TK109829,TRANSFER,16.12999916,57.59999847,0.039999999,0.280000001,2,186818.4,179345.6592361308,50223.0105845424,93409.2,2022-10-03
TK72527,TRANSFER,11.47999954,40.97999954,0.180000007,0.280000001,2,155619.72576772558,127596.9657677256,35744.58576772559,77809.86288386279,2022-02-28
TK93518,TRANSFER,-11.80000019,104.3799973,0.129999995,-0.109999999,2,373574.53778637596,325001.7347931719,-36740.9525915916,186787.26883091519,2022-06-30
TK114948,TRANSFER,39.36000061,82,0.180000007,0.479999989,2,311364,255318.47999999995,122552.87229932038,155682,2022-11-02
TK114695,TRANSFER,9.289999962,105.5800018,0.119999997,0.090000004,2,373574.53778637596,328738.116804552,28925.715481681673,186787.26883091519,2022-10-31
TK126499,TRANSFER,38.24000168,152.9700012,0.150000006,0.25,3,560361.794536368,476293.51453636796,119065.59883091519,186787.26883091519,2023-01-08
TK126499,TRANSFER,-110.8099976,151.1699982,0.159999996,-0.730000019,3,560361.794536368,470688.953195448,-345022.44092726393,186787.26883091519,2023-01-08
TK45545,TRANSFER,-134.9199982,161.9700012,0.100000001,-0.829999983,3,560361.794536368,504316.27453636803,-420092.30319544795,186787.26883091519,2021-09-23
CR28992,TRANSFER,-36.41999817,170.9700012,0.050000001,-0.209999993,3,560361.794536368,532339.034536368,-113398.76310203879,186787.26883091519,2021-06-19
CR155782,TRANSFER,24.29999924,161.9700012,0.100000001,0.150000006,3,560361.794536368,504316.27453636803,75661.44963363359,186787.26883091519,2023-06-28
MC176406,PAYMENT,122.7099991,314.6400146,0.039999999,0.389999986,1,1020495.51,979675.7350591437,382074.761597724,1020495.51,2023-12-02
TK113005,DEBIT,11.02000046,35.20000076,0.200000003,0.310000002,2,137000.15999999997,109600.1303663664,34312.314232274395,68500.07999999999,2022-10-22
TK90607,TRANSFER,36.08000183,88,0,0.409999996,4,274000.31999999995,274000.31999999995,112340.1368979612,68500.07999999999,2022-06-13
TK74532,DEBIT,-1.389999986,22,0,-0.059999999,1,68500.07999999999,68500.07999999999,-4327.95955640904,68500.07999999999,2022-03-10
TK71782,PAYMENT,5.679999828,42.68000031,0.029999999,0.129999995,2,137000.15999999997,132890.15616522837,17685.474664453915,68500.07999999999,2022-02-23
CR15760,TRANSFER,-15.48999977,77.44000244,0.119999997,-0.200000003,4,274000.31999999995,241120.28919728159,-48230.2828838628,68500.07999999999,2021-04-02
CR9682,DEBIT,-12.19999981,36.08000183,0.180000007,-0.340000004,2,137000.15999999997,112340.1368979612,-37986.40740840839,68500.07999999999,2021-02-26
MC6780,DEBIT,-0.25,19.36000061,0.119999997,-0.01,1,68500.07999999999,60280.072299320396,-778.41,68500.07999999999,2021-02-09
CR142021,TRANSFER,7.900000095,21.75,0.129999995,0.360000014,1,77841,67721.66999999998,24597.756295795796,77841,2023-04-08
TK125913,PAYMENT,46.31000137,118.75,0.050000001,0.389999986,5,389205,369744.75,144192.67266568678,77841,2023-01-05
TK120828,TRANSFER,10.80000019,22.5,0.100000001,0.479999989,1,77841,70056.9,33627.312591591595,77841,2022-12-06
TK69828,DEBIT,138.2299957,287.980011,0.039999999,0.479999989,1,934029.7614500398,896666.0814500399,430398.44381134794,934029.7614500398,2022-02-12
TK58734,DEBIT,125.5699997,272.980011,0.090000004,0.460000008,1,934029.7614500398,849961.4814500399,390979.7738659079,934029.7614500398,2021-12-09
TK58734,DEBIT,37.25999832,269.980011,0.100000001,0.140000001,1,934029.7614500398,840620.5614500399,116014.22116908478,934029.7614500398,2021-12-09
TK125075,DEBIT,16.20000076,269.980011,0.100000001,0.059999999,1,934029.7614500398,840620.5614500399,50440.9703663664,934029.7614500398,2022-12-31
TK125075,DEBIT,129.3500061,263.980011,0.119999997,0.49000001,1,934029.7614500398,821938.7214500399,402749.35299320397,934029.7614500398,2022-12-31
TK54942,DEBIT,104.3899994,347.980011,0.129999995,0.300000012,1,1245393.7614500397,1083484.48145004,325032.8777318159,1245393.7614500397,2021-11-17
TK73253,DEBIT,62.25,248.9799957,0.170000002,0.25,1,934029.7614500398,775234.073811348,193824.08999999997,934029.7614500398,2022-03-03
TK62544,DEBIT,136.1100006,331.980011,0.170000002,0.409999996,1,1245393.7614500397,1033666.2414500399,423797.54226818396,1245393.7614500397,2021-12-31
TK53411,DEBIT,162.6699982,331.980011,0.170000002,0.49000001,1,1245393.7614500397,1033666.2414500399,506495.813195448,1245393.7614500397,2021-11-08
MC174982,DEBIT,65.66999817,139.7200012,0.150000006,0.469999999,1,511820.15845683595,435037.784536368,204472.7331020388,511820.15845683595,2023-11-12
TK53107,DEBIT,-93.29000092,391.980011,0.02,-0.239999995,1,1245393.7614500397,1220484.6414500398,-290471.47846454877,1245393.7614500397,2021-11-06
TK72158,DEBIT,-3.390000105,260.980011,0.129999995,-0.01,1,934029.7614500398,812597.8014500398,-10555.239926932198,934029.7614500398,2022-02-25
TK53107,DEBIT,125.9899979,251.9799957,0.159999996,0.5,1,934029.7614500398,784574.9938113479,392287.49706135597,934029.7614500398,2021-11-06
CR176898,DEBIT,18.88999939,39.34999847,0.01,0.479999989,1,123767.18999999997,122521.7292361308,58816.65770067959,123767.18999999997,2023-12-10
CR174954,DEBIT,37.86999893,157.8000031,0.039999999,0.239999995,1,511820.15845683595,491332.4016522839,117913.54346840519,511820.15845683595,2023-11-11
CR157833,DEBIT,73.58000183,159.9600067,0.200000003,0.460000008,5,622572.308347716,498057.875261388,229101.63689796117,124514.4688309152,2023-07-10
MC1160,DEBIT,172.4100037,474.9500122,0.050000001,0.360000014,5,1556664.355986408,1478823.355986408,536822.683920468,311332.85693681036,2021-01-07
MC133494,DEBIT,64.37999725,139.9600067,0.200000003,0.460000008,5,544731.308347716,435785.075261388,200456.13463748997,108946.26883091519,2023-02-18
MC1160,DEBIT,146.9799957,293.9500122,0.02,0.5,5,933936.355986408,915254.515986408,457642.7938113479,186787.26883091519,2021-01-07
MC4332,DEBIT,24.54999924,278.9500122,0.07,0.090000004,5,933936.355986408,868549.915986408,76439.85963363358,186787.26883091519,2021-01-26
CR152108,DEBIT,94.48000336,269.9599915,0.100000001,0.349999994,5,933936.355986408,840558.2279340599,294176.71766183036,186787.26883091519,2023-06-06
CR25195,DEBIT,82.86000061,254.9600067,0.150000006,0.330000013,5,933936.355986408,793853.675261388,257996.21229932038,186787.26883091519,2021-05-28
CR135802,DEBIT,-188.6499939,245.9600067,0.180000007,-0.769999981,5,933936.355986408,765830.9152613879,-587388.167006796,186787.26883091519,2023-03-03
MC11526,DEBIT,118.0599976,245.9600067,0.180000007,0.479999989,5,933936.355986408,765830.9152613879,367596.33092726395,186787.26883091519,2021-03-09
MC147289,DEBIT,83.12999725,245.9600067,0.180000007,0.340000004,5,933936.355986408,765830.9152613879,258836.88463748997,186787.26883091519,2023-05-08
MC3341,DEBIT,-3.470000029,247.5,0.01,-0.01,5,778410,770625.8999999999,-10804.330890295558,155682,2021-01-20
MC3341,DEBIT,24.5,245,0.02,0.100000001,5,778410,762841.7999999999,76284.18,155682,2021-01-20
CR15812,DEBIT,72,240,0.039999999,0.300000012,5,778410,747273.6,224182.08,155682,2021-04-03
CR132754,DEBIT,61.75,237.5,0.050000001,0.25999999,5,778410,739489.5,192267.26999999996,155682,2023-02-14
MC150263,DEBIT,-40.25,188.9499969,0.059999999,-0.209999993,5,622572.308347716,588322.268347716,-125324.00999999998,124514.4688309152,2023-05-26
MC8498,DEBIT,109.1999969,227.5,0.090000004,0.479999989,5,778410,708353.1,340009.478347716,155682,2021-02-19
CR25195,DEBIT,63.45000076,135,0.100000001,0.469999999,5,467046,420341.39999999997,197560.4603663664,93409.2,2021-05-28
CR22035,DEBIT,20.98999977,167.9600067,0.159999996,0.129999995,5,622572.308347716,522966.995261388,65355.302883862794,124514.4688309152,2021-05-09
CR18112,DEBIT,23.17000008,205,0.180000007,0.109999999,5,778410,638296.2,72143.0390490912,155682,2021-04-16
CR152108,DEBIT,161.9799957,449.9500122,0,0.360000014,5,1400982.355986408,1400982.355986408,504347.3938113479,280196.45693681034,2023-06-06
MC2751,DEBIT,122.2799988,254.75,0.02,0.479999989,5,809390.755986408,793199.7899999999,380735.89546363195,161878.1488309152,2021-01-17
TK130130,DEBIT,18.89999962,299.9500122,0,0.059999999,5,933936.355986408,933936.355986408,58847.79481681679,186787.26883091519,2023-01-30
CR145416,TRANSFER,145.1900024,399.9599915,0,0.360000014,4,1245331.4279340599,1245331.4279340599,452069.399072736,311332.85693681036,2023-04-28
MC24341,TRANSFER,89.62999725,331.9700012,0.170000002,0.270000011,4,1245331.4279340599,1033635.074536368,279075.54463748995,311332.85693681036,2021-05-23
CR22514,TRANSFER,-307.2000122,192,0.039999999,-1.600000024,4,622728,597818.8799999999,-956510.2459864079,155682,2021-05-12
CR22514,TRANSFER,22.67000008,75.55999756,0.059999999,0.300000012,4,248966.65153545118,235266.63080271837,70586.21904909119,62241.662883862795,2021-05-12
CR7152,TRANSFER,-12.55000019,199.1699982,0.170000002,-0.059999999,4,747149.0752613879,620143.6731954479,-39076.1825915916,186787.26883091519,2021-02-11
MC15114,TRANSFER,55.09000015,176,0.119999997,0.310000002,4,622728,548000.6399999999,171530.42806704598,155682,2021-03-30
TK62841,TRANSFER,-129.8399963,97.41000366,0.129999995,-1.330000043,4,348603.131597724,303299.6837959224,-404275.006079532,87150.78288386279,2022-01-02
TK51597,TRANSFER,89.83999634,230.3600006,0.039999999,0.389999986,4,747149.0752613879,717258.112268184,279729.4062040776,186787.26883091519,2021-10-29
TK120416,TRANSFER,102.2900009,208.7700043,0.129999995,0.49000001,4,747149.0752613879,650034.636188652,318494.23840227595,186787.26883091519,2022-12-03
TK117394,TRANSFER,-321.2999878,189,0.059999999,-1.700000048,4,622728,588477.96,-1000412.494013592,155682,2022-11-16
TK62841,TRANSFER,18,180,0.100000001,0.100000001,4,622728,560455.2,56045.52,155682,2022-01-02
TK67776,TRANSFER,5.760000229,95.95999908,0.039999999,0.059999999,4,311239.45153545117,298784.89153545117,17934.567113023557,77809.86288386279,2022-01-30
TK58902,TRANSFER,118.9899979,339.9700012,0.150000006,0.349999994,4,1245331.4279340599,1058544.194536368,370492.017061356,311332.85693681036,2021-12-10
TK58902,TRANSFER,18,239.9600067,0,0.079999998,4,747149.0752613879,747149.0752613879,56045.52,186787.26883091519,2021-12-10
MC168714,TRANSFER,37.79999924,135,0.100000001,0.280000001,3,467046,420341.39999999997,117695.58963363359,155682,2023-09-12
CR34193,TRANSFER,69.83999634,145.5,0.029999999,0.479999989,3,467046,453034.61999999994,217456.60620407757,155682,2021-07-19
MC3258,TRANSFER,18.78000069,41.72999954,0.129999995,0.449999988,3,149361.3145986408,129932.1957677256,58474.161348411595,49787.1028838628,2021-01-20
CR16561,TRANSFER,41.8199997,87.12999725,0.170000002,0.479999989,3,326838.79453636793,271291.44463748997,130212.42386590797,108946.26883091519,2021-04-07
MC3842,TRANSFER,57.95999908,126,0.159999996,0.460000008,3,467046,392318.63999999996,180466.5715354512,155682,2021-01-23
TK72527,TRANSFER,-6,120,0.200000003,-0.050000001,3,467046,373636.8,-18681.839999999997,155682,2022-02-28
CR29579,PAYMENT,23.5,50,0,0.469999999,2,155682,155682,73170.54,77841,2021-06-22
CR24868,PAYMENT,6.5,23.62999916,0.059999999,0.280000001,1,77841,73575.31058454239,20238.66,77841,2021-05-26
CR5651,TRANSFER,39.40999985,121.25,0.029999999,0.330000013,5,389205,377528.85,122708.55193295398,77841,2021-02-02
CR2011,TRANSFER,23.52000046,48,0.039999999,0.49000001,2,155682,149454.71999999997,73232.81423227438,77841,2021-01-12
TK122633,CASH,24.5699997,54.59000015,0.090000004,0.449999988,1,186787.26883091519,169973.60806704598,76502.13386590799,186787.26883091519,2022-12-16
TK122633,CASH,38.65999985,114.3899994,0.119999997,0.340000004,1,404742.08072502,356169.27773181594,120373.32193295399,404742.08072502,2022-12-16
TK122633,CASH,50.88999939,113.0899963,0.129999995,0.449999988,1,404742.08072502,352121.53607953194,158453.1377006796,404742.08072502,2022-12-16
TK124245,CASH,2.059999943,18.25,0.170000002,0.109999999,1,68468.9428838628,56823.92999999999,6414.098222522518,68468.9428838628,2022-12-26
TK122633,CASH,117.4400024,260.980011,0.129999995,0.449999988,1,934029.7614500398,812597.8014500398,365665.88907273597,934029.7614500398,2022-12-16
MC174266,CASH,70.80999756,252.8800049,0,0.280000001,1,787377.2984568359,787377.2984568359,220476.84080271836,787377.2984568359,2023-11-01
MC168802,CASH,38.25,84.98999786,0.150000006,0.449999988,1,311332.85693681036,264628.2569368104,119096.73,311332.85693681036,2023-09-12
MC168802,CASH,35.90999985,110.4899979,0.150000006,0.330000013,1,404742.08072502,344026.077061356,111810.81193295399,404742.08072502,2023-09-12
MC18347,CASH,29.11000061,92.98999786,0.07,0.310000002,1,311332.85693681036,289537.3769368104,90638.06229932039,311332.85693681036,2021-04-17
MC18347,CASH,12.09000015,120.8899994,0.07,0.100000001,1,404742.08072502,376407.93773181597,37643.908067045995,404742.08072502,2021-04-17
TK128429,CASH,32.79999924,113.0899963,0.129999995,0.289999992,1,404742.08072502,352121.53607953194,102127.38963363359,404742.08072502,2023-01-20
TK128429,CASH,6.840000153,35.99000168,0.100000001,0.189999998,1,124514.4688309152,112059.90883091518,21297.298076386916,124514.4688309152,2023-01-20
MC178846,CASH,-16.04000092,80.18000031,0.050000001,-0.200000003,1,262791.2207638692,249651.65616522837,-49942.788464548794,262791.2207638692,2024-01-07
CR178927,CASH,34.33000183,70.05000305,0.170000002,0.49000001,1,262791.2207638692,218110.491496602,106891.26689796119,262791.2207638692,2024-01-08
TK56358,CASH,-319.980011,399.980011,0,-0.800000012,1,1245393.7614500397,1245393.7614500397,-996302.5614500397,1245393.7614500397,2021-11-25
TK56358,CASH,28.79999924,287.980011,0.039999999,0.100000001,1,934029.7614500398,896666.0814500399,89672.82963363359,934029.7614500398,2021-11-25
TK128429,CASH,35.27999878,104.3799973,0.129999995,0.340000004,2,373574.53778637596,325001.7347931719,109849.2154013592,186787.26883091519,2023-01-20
TK56358,CASH,-7.949999809,57.58000183,0.100000001,-0.140000001,2,199210.68576772558,179283.39689796118,-24753.437405294757,99605.34288386279,2021-11-25
TK128429,CASH,46.47999954,148.5,0.01,0.310000002,3,467046,462375.5399999999,144721.9857677256,155682,2023-01-20
TK78290,DEBIT,92.38999939,263.980011,0.119999997,0.349999994,1,934029.7614500398,821938.7214500399,287669.1977006796,934029.7614500398,2022-04-02
CR165761,DEBIT,-9.5,107.9800034,0.100000001,-0.090000004,2,373574.53778637596,336210.857786376,-29579.579999999998,186787.26883091519,2023-08-26
CR165761,DEBIT,44.63000107,127.5,0.150000006,0.349999994,3,467046,396989.1,138961.75653159476,155682,2023-08-26
CR165761,DEBIT,14.23999977,126,0.159999996,0.109999999,3,467046,392318.63999999996,44338.232883862795,155682,2023-08-26
TK78290,DEBIT,55.20000076,120,0.200000003,0.460000008,3,467046,373636.8,171872.93036636637,155682,2022-04-02
TK55341,CASH,16.79999924,79.98999786,0.200000003,0.209999993,1,311332.85693681036,249060.05693681038,52309.149633633584,311332.85693681036,2021-11-19
TK55341,CASH,-27.36000061,126.0899963,0.029999999,-0.219999999,1,404742.08072502,392598.85607953195,-85189.19229932039,404742.08072502,2021-11-19
TK55341,CASH,17.95000076,284.980011,0.050000001,0.059999999,1,934029.7614500398,887325.16145004,55889.8403663664,934029.7614500398,2021-11-19
TK55341,CASH,-3.690000057,283.480011,0.059999999,-0.01,1,934029.7614500398,882654.7014500399,-11489.331777477479,934029.7614500398,2021-11-19
TK82504,DEBIT,10.30000019,116.9899979,0.100000001,0.090000004,1,404742.08072502,364264.73706135596,32070.4925915916,404742.08072502,2022-04-26
TK99195,DEBIT,25.92000008,53.99000168,0.100000001,0.479999989,1,186787.26883091519,168105.4288309152,80705.5490490912,186787.26883091519,2022-08-03
TK82504,DEBIT,10.0699997,114.3899994,0.119999997,0.090000004,1,404742.08072502,356169.27773181594,31354.353865907997,404742.08072502,2022-04-26
TK81079,DEBIT,7.210000038,114.3899994,0.119999997,0.059999999,1,404742.08072502,356169.27773181594,22449.34451831832,404742.08072502,2022-04-18
TK82504,DEBIT,33.93000031,113.0899963,0.129999995,0.300000012,1,404742.08072502,352121.53607953194,105645.80616522838,404742.08072502,2022-04-26
TK87221,DEBIT,31.67000008,113.0899963,0.129999995,0.280000001,1,404742.08072502,352121.53607953194,98608.9790490912,404742.08072502,2022-05-24
TK99691,DEBIT,8.510000229,27.19000053,0.150000006,0.310000002,1,99605.34288386279,84659.87325022918,26497.07711302355,99605.34288386279,2022-08-06
TK81629,DEBIT,65.51999664,251.9799957,0.159999996,0.25999999,1,934029.7614500398,784574.9938113479,204005.6823381696,934029.7614500398,2022-04-21
TK87545,DEBIT,61.09999847,129.9900055,0,0.469999999,1,404742.08072502,404742.08072502,190243.3992361308,404742.08072502,2022-05-26
MC155664,DEBIT,83.69000244,185.9799957,0.07,0.449999988,2,622665.7138113478,579074.7538113479,260580.53919728159,311332.85693681036,2023-06-27
MC36529,DEBIT,63.0699997,165.9799957,0.170000002,0.379999995,2,622665.7138113478,516801.95381134795,196377.27386590798,311332.85693681036,2021-08-02
TK114663,DEBIT,40.5,149.9900055,0.25,0.270000011,2,622665.7138113478,467014.8807250199,126102.42,311332.85693681036,2022-10-31
MC36529,DEBIT,51.83000183,107.9800034,0.100000001,0.479999989,2,373574.53778637596,336210.857786376,161379.9668979612,186787.26883091519,2021-08-02
MC154470,DEBIT,18.57999992,104.3799973,0.129999995,0.180000007,2,373574.53778637596,325001.7347931719,57851.43095090878,186787.26883091519,2023-06-21
TK114663,DEBIT,29.76000023,96,0.039999999,0.310000002,2,311364,298909.43999999994,92661.92711613719,155682,2022-10-31
MC162635,DEBIT,36.08000183,88,0.119999997,0.409999996,2,311364,274000.31999999995,112340.1368979612,155682,2023-08-07
CR160746,DEBIT,21.82999992,67.18000031,0.159999996,0.330000013,2,249028.9376618304,209174.33616522836,67970.76095090879,124514.4688309152,2023-07-27
MC166788,DEBIT,26.87000084,63.97999954,0.200000003,0.419999987,2,249028.9376618304,199210.68576772558,83663.50941545759,124514.4688309152,2023-09-01
TK114663,DEBIT,4.46999979,39.58000183,0.01,0.109999999,2,124483.32576772559,123237.87689796119,13917.970146135598,62241.662883862795,2022-10-31
MC19770,DEBIT,1.75999999,175.9799957,0.119999997,0.01,2,622665.7138113478,547938.353811348,5480.0063688636,311332.85693681036,2021-04-26
MC2737,DEBIT,55.24000168,169.9799957,0.150000006,0.330000013,2,622665.7138113478,529256.5138113479,171997.47883091518,311332.85693681036,2021-01-17
MC149601,DEBIT,32.38999939,71.98000336,0.100000001,0.449999988,2,249028.9376618304,224119.81766183037,100850.79770067958,124514.4688309152,2023-05-22
CR146985,DEBIT,-32.16999817,84,0.159999996,-0.379999995,2,311364,261545.75999999998,-100165.79310203879,155682,2023-05-07
MC23286,DEBIT,28,80,0.200000003,0.349999994,2,311364,249091.19999999998,87181.91999999998,155682,2021-05-17
TK126395,DEBIT,131.2400055,374.9599915,0.25,0.349999994,5,1556664.355986408,1167490.4279340599,408634.13072501996,311332.85693681036,2023-01-08
TK115042,DEBIT,49.18000031,119.9599991,0.25,0.409999996,5,498026.708347716,373512.251597724,153128.81616522837,99605.34288386279,2022-11-02
TK104781,DEBIT,21.60000038,287.9500122,0.039999999,0.079999998,5,933936.355986408,896572.6759864079,67254.62518318319,186787.26883091519,2022-09-04
TK54948,DEBIT,-2.470000029,189.9499969,0.050000001,-0.01,5,622572.308347716,591435.908347716,-7690.690890295559,124514.4688309152,2021-11-17
TK53676,DEBIT,13.64999962,181.9499969,0.090000004,0.079999998,5,622572.308347716,566526.7883477159,42501.18481681679,124514.4688309152,2021-11-10
TK53979,DEBIT,-60.79999924,260.9599915,0.129999995,-0.230000004,5,933936.355986408,812535.4679340599,-189309.30963363356,186787.26883091519,2021-11-12
TK70122,DEBIT,84.40000153,232.5,0.07,0.360000014,5,778410,723921.2999999999,262791.2207638692,155682,2022-02-14
TK93572,DEBIT,138.1600037,293.9500122,0.02,0.469999999,5,933936.355986408,915254.515986408,430180.513920468,186787.26883091519,2022-07-01
TK94587,DEBIT,-8.510000229,197.9499969,0.01,-0.039999999,5,622572.308347716,616345.028347716,-26497.07711302355,124514.4688309152,2022-07-07
TK96612,DEBIT,10.53999996,169.9600067,0.150000006,0.059999999,5,622572.308347716,529194.275261388,32817.76547545439,124514.4688309152,2022-07-18
TK102945,DEBIT,-297.3500061,207.5,0.170000002,-1.429999948,5,778410,646080.2999999999,-925840.8729932038,155682,2022-08-25
TK84074,DEBIT,115.9000015,251.9600067,0.159999996,0.460000008,5,933936.355986408,784512.7552613879,360870.88067046,186787.26883091519,2022-05-06
TK122319,PAYMENT,-86.44000244,123.4899979,0.050000001,-0.699999988,1,404742.08072502,384503.397061356,-269143.0491972816,404742.08072502,2022-12-15
TK122319,PAYMENT,33.16999817,122.8399963,0.059999999,0.270000011,1,404742.08072502,382479.52607953193,103279.43310203879,404742.08072502,2022-12-15
TK112832,PAYMENT,30.42000008,116.9899979,0.100000001,0.25999999,1,404742.08072502,364264.73706135596,94716.9290490912,404742.08072502,2022-10-21
TK112832,PAYMENT,51.47999954,114.3899994,0.119999997,0.449999988,1,404742.08072502,356169.27773181594,160290.18576772558,404742.08072502,2022-10-21
TK112832,PAYMENT,33.93000031,113.0899963,0.129999995,0.300000012,1,404742.08072502,352121.53607953194,105645.80616522838,404742.08072502,2022-10-21
TK112832,PAYMENT,9.069999695,47.99000168,0.200000003,0.189999998,1,186787.26883091519,149423.58883091516,28240.713850339795,186787.26883091519,2022-10-21
MC173226,PAYMENT,50.84999847,406.8399963,0.100000001,0.129999995,1,1407489.8520659397,1266753.2860795318,158328.5892361308,1407489.8520659397,2023-10-17
MC34166,PAYMENT,27.93000031,58.18999863,0.029999999,0.479999989,1,186787.26883091519,181182.7073343132,86963.9661652284,186787.26883091519,2021-07-19
MC32808,PAYMENT,1.169999957,116.9899979,0.100000001,0.01,1,404742.08072502,364264.73706135596,3642.95866611348,404742.08072502,2021-07-11
TK123904,PAYMENT,36.40000153,103.9899979,0.200000003,0.349999994,1,404742.08072502,323787.417061356,113336.50076386917,404742.08072502,2022-12-24
TK123904,PAYMENT,27.29999924,97.48999786,0.25,0.280000001,1,404742.08072502,303548.7569368104,85002.36963363359,404742.08072502,2022-12-24
MC34166,PAYMENT,120.8899994,371.980011,0.07,0.330000013,1,1245393.7614500397,1158211.84145004,376407.93773181597,1245393.7614500397,2021-07-19
TK87426,TRANSFER,64.01999664,176.3699951,0.02,0.360000014,3,560361.794536368,549152.671543164,199335.22233816958,186787.26883091519,2022-05-25
TK87426,TRANSFER,50.40000153,144,0.039999999,0.349999994,3,467046,448364.16,156927.46076386917,155682,2022-05-25
TK88696,TRANSFER,44.20000076,94.05000305,0.02,0.469999999,3,298816.03459864075,292837.851496602,137622.8903663664,99605.34288386279,2022-06-02
CR155782,TRANSFER,-160.1199951,208.7700043,0.129999995,-0.769999981,4,747149.0752613879,650034.636188652,-498556.02154316404,186787.26883091519,2023-06-28
CR28992,TRANSFER,96.04000092,196,0.02,0.49000001,4,622728,610273.44,299033.9884645487,155682,2021-06-19
MC158121,TRANSFER,41.88999939,155.1600037,0.029999999,0.270000011,4,498057.875261388,483112.39392046793,130430.37770067959,124514.4688309152,2023-07-12
TK45411,TRANSFER,40.38999939,237.5599976,0.01,0.170000002,4,747149.0752613879,739676.3109272639,125759.9177006796,186787.26883091519,2021-09-23
MC21759,TRANSFER,-277.0499878,377.9599915,0.059999999,-0.730000019,4,1245331.4279340599,1176831.3479340598,-862633.924013592,311332.85693681036,2021-05-08
TK68686,TRANSFER,59.15000153,347.9700012,0.129999995,0.170000002,4,1245331.4279340599,1083453.314536368,184171.81076386917,311332.85693681036,2022-02-05
TK51877,TRANSFER,-59.75,199.1699982,0.170000002,-0.300000012,4,747149.0752613879,620143.6731954479,-186039.98999999996,186787.26883091519,2021-10-31
TK51877,TRANSFER,98.79000092,379.9599915,0.050000001,0.25999999,4,1245331.4279340599,1183058.6279340598,307596.4984645487,311332.85693681036,2021-10-31
TK69688,TRANSFER,19.92000008,199.1699982,0.170000002,0.100000001,4,747149.0752613879,620143.6731954479,62023.709049091194,186787.26883091519,2022-02-11
TK124214,TRANSFER,72.93000031,155.1600037,0.029999999,0.469999999,4,498057.875261388,483112.39392046793,227077.76616522836,124514.4688309152,2022-12-26
TK109829,TRANSFER,34.38999939,127.3600006,0.090000004,0.270000011,4,435785.075261388,396553.192268184,107078.07770067958,108946.26883091519,2022-10-03
TK114861,TRANSFER,-4.559999943,119.9700012,0.25,-0.039999999,4,498057.875261388,373543.39453636797,-14198.19822252252,124514.4688309152,2022-11-01
TK93518,TRANSFER,-2.519999981,179.9700012,0.25,-0.01,4,747149.0752613879,560361.794536368,-7846.3727408408395,186787.26883091519,2022-06-30
TK85966,TRANSFER,50.27999878,148.7599945,0.07,0.340000004,4,498057.875261388,463185.06927497993,156553.81540135917,124514.4688309152,2022-05-17
TK94402,TRANSFER,113.9899979,379.9599915,0.050000001,0.300000012,4,1245331.4279340599,1183058.6279340598,354923.817061356,311332.85693681036,2022-07-06
TK88696,TRANSFER,-49.81000137,176,0.119999997,-0.280000001,4,622728,548000.6399999999,-155090.41266568677,155682,2022-06-02
TK90175,TRANSFER,-136,170,0.150000006,-0.800000012,4,622728,529318.7999999999,-423455.0399999999,155682,2022-06-11
CR162219,TRANSFER,239.9799957,499.9500122,0,0.479999989,5,1556664.355986408,1556664.355986408,747211.3138113478,311332.85693681036,2023-08-05
CR155782,TRANSFER,-59.99000168,299.9500122,0,-0.200000003,5,933936.355986408,933936.355986408,-186787.26883091519,186787.26883091519,2023-06-28
CR28992,TRANSFER,71.05000305,245,0.02,0.289999992,5,778410,762841.7999999999,221224.13149660197,155682,2021-06-19
CR2011,TRANSFER,-94.48999786,419.9599915,0.159999996,-0.230000004,5,1556664.355986408,1307604.2279340597,-294207.8369368104,311332.85693681036,2021-01-12
MC150722,TRANSFER,116.4000015,242.5,0.029999999,0.479999989,5,778410,755057.7,362427.70067045995,155682,2023-05-29
MC150722,TRANSFER,44.79000092,159.9600067,0.200000003,0.280000001,5,622572.308347716,498057.875261388,139459.9384645488,124514.4688309152,2023-05-29
CR170031,DEBIT,-171.5899963,114.3899994,0.119999997,-1.5,1,404742.08072502,356169.27773181594,-534269.476079532,404742.08072502,2023-09-19
CR37428,DEBIT,-11.28999996,296.980011,0.01,-0.039999999,1,934029.7614500398,924688.8414500399,-35152.995475454394,934029.7614500398,2021-08-07
TK58068,DEBIT,21.75,195.9799957,0.02,0.109999999,2,622665.7138113478,610211.1538113479,67721.66999999998,311332.85693681036,2021-12-05
TK73253,DEBIT,7.28000021,58.20000076,0.029999999,0.129999995,2,186818.4,181213.8503663664,22667.2998538644,93409.2,2022-03-03
TK105326,DEBIT,19,105.5800018,0.119999997,0.180000007,2,373574.53778637596,328738.116804552,59159.159999999996,186787.26883091519,2022-09-07
TK105326,DEBIT,19,79.18000031,0.01,0.239999995,2,249028.9376618304,246538.01616522836,59159.159999999996,124514.4688309152,2022-09-07
TK54942,DEBIT,24.70000076,95,0.050000001,0.25999999,2,311364,295795.8,76906.9103663664,155682,2021-11-17
TK125638,DEBIT,23.22999954,70.37999725,0.119999997,0.330000013,2,249028.9376618304,219137.97463749,72329.8557677256,124514.4688309152,2023-01-03
TK62544,DEBIT,33.18999863,66.37999725,0.170000002,0.5,2,249028.9376618304,206683.41463749,103341.70733431319,124514.4688309152,2021-12-31
TK53411,DEBIT,14.39999962,47.99000168,0.25,0.300000012,2,199210.68576772558,149423.58883091516,44836.414816816796,99605.34288386279,2021-11-08
TK86079,DEBIT,9.979999542,113.3799973,0.059999999,0.090000004,2,373574.53778637596,353024.49479317194,31074.125773952877,186787.26883091519,2022-05-18
TK81629,DEBIT,25.20000076,100.7799988,0.159999996,0.25,2,373574.53778637596,313792.635463632,78463.73036636639,186787.26883091519,2022-04-21
TK81629,DEBIT,38.22000122,98,0.02,0.389999986,2,311364,305136.72,119003.32459864079,155682,2022-04-21
TK82504,DEBIT,-35.59999847,97,0.029999999,-0.370000005,2,311364,302023.07999999996,-110845.5792361308,155682,2022-04-26
TK99195,DEBIT,-123.7300034,72.77999878,0.090000004,-1.700000048,2,249028.9376618304,226610.7154013592,-385250.687786376,124514.4688309152,2022-08-03
TK97785,DEBIT,31.67000008,70.37999725,0.119999997,0.449999988,2,249028.9376618304,219137.97463749,98608.9790490912,124514.4688309152,2022-07-25
TK87545,DEBIT,27.87999916,82,0.180000007,0.340000004,2,311364,255318.47999999995,86808.2805845424,155682,2022-05-26
TK121743,DEBIT,8.729999542,174.5700073,0.029999999,0.050000001,3,560361.794536368,543548.1575295719,27182.075773952878,186787.26883091519,2022-12-11
TK107373,DEBIT,16.10000038,142.5,0.050000001,0.109999999,3,467046,443693.69999999995,50129.6051831832,155682,2022-09-19
TK119770,DEBIT,7.429999828,148.5,0.01,0.050000001,3,467046,462375.5399999999,23134.344664453918,155682,2022-11-30
TK119770,DEBIT,31.42000008,116.3700027,0.029999999,0.270000011,3,373543.39453636797,362334.295206828,97830.5690490912,124514.4688309152,2022-11-30
MC161934,DEBIT,16.84000015,267.269989,0.01,0.059999999,3,840589.394536368,832182.52854996,52433.698067046,280196.45693681034,2023-08-03
CR36079,DEBIT,88.72000122,272.9700012,0.090000004,0.330000013,3,933998.5945363679,849930.314536368,276242.14459864073,311332.85693681036,2021-07-30
CR157949,DEBIT,64.16000366,136.5,0.090000004,0.469999999,3,467046,425011.86,199771.15379592238,155682,2023-07-11
TK113534,DEBIT,-67.22000122,100.7699966,0.159999996,-0.670000017,3,373543.39453636797,313761.49221362395,-209298.88459864078,124514.4688309152,2022-10-25
MC13573,DEBIT,143.9900055,287.9700012,0.039999999,0.5,3,933998.5945363679,896634.914536368,448333.04072501994,311332.85693681036,2021-03-21
CR134641,DEBIT,-9.520000458,151.1699982,0.159999996,-0.059999999,3,560361.794536368,470688.953195448,-29641.854226047115,186787.26883091519,2023-02-25
MC152617,DEBIT,-41.81000137,98.37999725,0.180000007,-0.430000007,3,373543.39453636797,306319.89463749,-130181.29266568681,124514.4688309152,2023-06-09
MC132454,DEBIT,27.60000038,120,0.200000003,0.230000004,3,467046,373636.8,85936.46518318319,155682,2023-02-12
CR11215,DEBIT,36,73.47000122,0.02,0.49000001,3,233429.59459864075,228759.13459864078,112091.04,77809.86288386279,2021-03-07
CR138272,DEBIT,37.40000153,119.5,0.170000002,0.310000002,3,448270.754536368,372079.9799999999,116450.14076386919,149423.58883091516,2023-03-18
MC13573,DEBIT,38.22999954,79.66000366,0.170000002,0.479999989,3,298816.03459864075,248032.57379592236,119034.4557677256,99605.34288386279,2021-03-21
TK62107,DEBIT,55.22999954,167.3699951,0.07,0.330000013,3,560361.794536368,521129.911543164,171966.33576772557,186787.26883091519,2021-12-28
TK75396,DEBIT,63.95000076,130.5,0.129999995,0.49000001,3,467046,406330.01999999996,199117.28036636638,155682,2022-03-16
TK58801,DEBIT,53.45000076,161.9700012,0.100000001,0.330000013,3,560361.794536368,504316.27453636803,166424.0603663664,186787.26883091519,2021-12-10
TK81629,DEBIT,25.52000046,85.05000305,0.059999999,0.300000012,3,280227.6,264815.091496602,79460.0942322744,93409.2,2022-04-21
TK99195,DEBIT,42.90000153,132,0.119999997,0.330000013,3,467046,411000.4799999999,133575.16076386918,155682,2022-08-03
TK86079,DEBIT,18.23999977,95.98000336,0.200000003,0.189999998,3,373543.39453636797,298847.1776618303,56792.7928838628,124514.4688309152,2022-05-18
TK82645,DEBIT,54,112.5,0.25,0.479999989,3,467046,350284.5,168136.55999999997,155682,2022-04-27
TK107373,DEBIT,52.79000092,140.7599945,0.119999997,0.379999995,4,498057.875261388,438275.94927498,164369.05846454878,124514.4688309152,2022-09-19
TK112132,DEBIT,1.679999948,168,0.159999996,0.01,4,622728,523091.51999999996,5230.9150380907195,155682,2022-10-17
TK119770,DEBIT,43.5,150,0.25,0.289999992,4,622728,467046,135443.33999999997,155682,2022-11-30
MC36529,DEBIT,88.69000244,201.5700073,0.159999996,0.439999998,4,747149.0752613879,627616.4375295719,276148.7391972816,186787.26883091519,2021-08-02
CR157949,DEBIT,92.12000275,196,0.02,0.469999999,4,622728,610273.44,286828.52536251,155682,2023-07-11
MC164014,DEBIT,-121.25,145.5599976,0.090000004,-0.829999983,4,498057.875261388,453221.430927264,-377528.85,124514.4688309152,2023-08-15
MC164014,DEBIT,-23.46999931,143.9600067,0.100000001,-0.159999996,4,498057.875261388,448239.635261388,-73077.1286515884,124514.4688309152,2023-08-15
MC137137,DEBIT,128.4299927,379.9599915,0.050000001,0.340000004,4,1245331.4279340599,1183058.6279340598,399884.762470428,311332.85693681036,2023-03-11
CR11215,DEBIT,52.40000153,116.4400024,0.090000004,0.449999988,4,398421.371597724,362552.24907273595,163154.7407638692,99605.34288386279,2021-03-07
CR138272,DEBIT,-3.119999886,239.9600067,0,-0.01,4,747149.0752613879,747149.0752613879,-9714.55644504504,186787.26883091519,2023-03-18
MC137137,DEBIT,55.79000092,179.9700012,0.25,0.310000002,4,747149.0752613879,560361.794536368,173709.97846454877,186787.26883091519,2023-03-11
MC152617,DEBIT,20,200,0,0.100000001,4,622728,622728,62272.799999999996,155682,2023-06-09
MC13573,DEBIT,15,200,0,0.079999998,4,622728,622728,46704.6,155682,2021-03-21
CR1796,DEBIT,78.37999725,156.7599945,0.02,0.5,4,498057.875261388,488094.18927497993,244047.09463748996,124514.4688309152,2021-01-11
CR134203,DEBIT,88.83000183,189,0.059999999,0.469999999,4,622728,588477.96,276584.64689796115,155682,2023-02-22
MC2737,DEBIT,-143.9400024,89.95999908,0.100000001,-1.600000024,4,311239.45153545117,280103.0515354512,-448177.34907273593,77809.86288386279,2021-01-17
TK125075,DEBIT,45.34999847,201.5700073,0.159999996,0.230000004,4,747149.0752613879,627616.4375295719,141203.5692361308,186787.26883091519,2022-12-31
TK103140,DEBIT,-128.0399933,191.9700012,0.200000003,-0.670000017,4,747149.0752613879,597725.474536368,-398670.4447386119,186787.26883091519,2022-08-26
TK58068,DEBIT,22.5,179.9700012,0.25,0.129999995,4,747149.0752613879,560361.794536368,70056.9,186787.26883091519,2021-12-05
TK65307,DEBIT,49.27000046,140.7599945,0.119999997,0.349999994,4,498057.875261388,438275.94927498,153409.04423227438,124514.4688309152,2022-01-16
TK75183,TRANSFER,56,160,0.200000003,0.349999994,4,622728,498182.39999999997,174363.83999999997,155682,2022-03-15
TK94030,TRANSFER,0,239.9600067,0,0,4,747149.0752613879,747149.0752613879,0,186787.26883091519,2022-07-03
TK90349,TRANSFER,90.77999878,232.7599945,0.029999999,0.389999986,4,747149.0752613879,724730.82927498,282656.23540135915,186787.26883091519,2022-06-12
TK98108,TRANSFER,84,200,0,0.419999987,4,622728,622728,261545.75999999998,155682,2022-07-27
TK99118,TRANSFER,24.5,196,0.02,0.129999995,4,622728,610273.44,76284.18,155682,2022-08-02
TK102983,TRANSFER,54.3199997,194,0.029999999,0.280000001,4,622728,604046.1599999999,169132.92386590797,155682,2022-08-25
TK91405,TRANSFER,-93.88999939,140.7599945,0.119999997,-0.670000017,4,498057.875261388,438275.94927498,-292339.65770067956,124514.4688309152,2022-06-18
TK79054,TRANSFER,120.8899994,371.9599915,0.07,0.330000013,4,1245331.4279340599,1158149.50793406,376407.93773181597,311332.85693681036,2022-04-06
TK94483,TRANSFER,73.72000122,194,0.029999999,0.379999995,4,622728,604046.1599999999,229537.54459864076,155682,2022-07-06
TK91719,TRANSFER,49.13999939,189,0.059999999,0.25999999,4,622728,588477.96,153004.2677006796,155682,2022-06-20
TK118936,TRANSFER,76.43000031,293.9500122,0.02,0.25999999,5,933936.355986408,915254.515986408,237975.50616522838,186787.26883091519,2022-11-25
TK114168,TRANSFER,-5.800000191,200,0.200000003,-0.029999999,5,778410,622728,-18059.11259470524,155682,2022-10-28
CR36869,TRANSFER,229.9799957,499.9500122,0,0.460000008,5,1556664.355986408,1556664.355986408,716074.9138113479,311332.85693681036,2021-08-04
CR36869,TRANSFER,66.37999725,132.7599945,0.170000002,0.5,5,498026.708347716,413366.82927498,206683.41463749,99605.34288386279,2021-08-04
MC33072,TRANSFER,3.279999971,272.9500122,0.090000004,0.01,5,933936.355986408,849868.0759864079,10212.73910970444,186787.26883091519,2021-07-12
MC166823,TRANSFER,25.43000031,225,0.100000001,0.109999999,5,778410,700569,79179.86616522839,155682,2023-09-01
MC166823,TRANSFER,71.5,220,0.119999997,0.330000013,5,778410,685000.7999999999,222625.25999999998,155682,2023-09-01
MC33012,TRANSFER,-42.95999908,197.9499969,0.01,-0.219999999,5,622572.308347716,616345.028347716,-133761.9715354512,124514.4688309152,2021-07-12
CR35536,TRANSFER,52,200,0.200000003,0.25999999,5,778410,622728,161909.28,155682,2021-07-27
MC37625,TRANSFER,-150,187.5,0.25,-0.800000012,5,778410,583807.5,-467046,155682,2021-08-08
CR162086,TRANSFER,84.80999756,260.9599915,0.129999995,0.330000013,5,933936.355986408,812535.4679340599,264067.8008027183,186787.26883091519,2023-08-04
TK46447,TRANSFER,46.86000061,220,0.119999997,0.209999993,5,778410,685000.7999999999,145905.17229932037,155682,2021-09-29
TK46447,TRANSFER,65.25,217.5,0.129999995,0.300000012,5,778410,677216.7,203165.00999999998,155682,2021-09-29
MC142724,TRANSFER,199.1799927,414.9599915,0.170000002,0.479999989,5,1556664.355986408,1292036.0279340597,620174.792470428,311332.85693681036,2023-04-12
MC142724,TRANSFER,139.3899994,409.9599915,0.180000007,0.340000004,5,1556664.355986408,1276467.8279340598,434010.27773181594,311332.85693681036,2023-04-12
MC142724,TRANSFER,81.11000061,239.9600067,0.200000003,0.340000004,5,933936.355986408,747149.0752613879,252547.34229932036,186787.26883091519,2023-04-12
MC21448,TRANSFER,79.86000061,220,0.119999997,0.360000014,5,778410,685000.7999999999,248655.29229932034,155682,2021-05-06
MC15114,TRANSFER,112.0299988,248.9600067,0.170000002,0.449999988,5,933936.355986408,775171.835261388,348821.08546363196,186787.26883091519,2021-03-30
CR7152,TRANSFER,-227.9600067,284.9500122,0.050000001,-0.800000012,5,933936.355986408,887231.7559864079,-709785.395261388,186787.26883091519,2021-02-11
CR7152,TRANSFER,103.4000015,220,0.119999997,0.469999999,5,778410,685000.7999999999,321950.38067046,155682,2021-02-11
TK131025,CASH,28.70999908,109.1699982,0.090000004,0.25999999,3,373543.39453636797,339916.07319544797,89392.60153545119,124514.4688309152,2023-02-04
TK131025,CASH,34.54999924,71.97000122,0.039999999,0.479999989,3,233429.59459864075,224088.6745986408,107576.25963363358,77809.86288386279,2023-02-04
TK131025,CASH,29.20000076,71.22000122,0.050000001,0.409999996,3,233429.59459864075,221753.44459864078,90918.2903663664,77809.86288386279,2023-02-04
TK59461,CASH,105.2900009,269.9700012,0.100000001,0.389999986,3,933998.5945363679,840589.394536368,327835.158402276,311332.85693681036,2021-12-13
MC168802,CASH,86.23999786,176,0.119999997,0.49000001,4,622728,548000.6399999999,268520.3069368104,155682,2023-09-12
TK56358,CASH,-254.6199951,331.9700012,0.170000002,-0.769999981,4,1245331.4279340599,1033635.074536368,-792795.0015431639,311332.85693681036,2021-11-25
MC168802,CASH,87.73999786,269.9599915,0.100000001,0.330000013,5,933936.355986408,840558.2279340599,273190.7669368104,186787.26883091519,2023-09-12
TK131025,CASH,143.6399994,424.9599915,0.150000006,0.340000004,5,1556664.355986408,1323172.4279340599,447243.24773181597,311332.85693681036,2023-02-04
CR31785,CASH,59.24000168,120.8899994,0.07,0.49000001,1,404742.08072502,376407.93773181597,184452.03883091517,404742.08072502,2021-07-05
CR31785,CASH,42.58000183,118.2900009,0.090000004,0.360000014,1,404742.08072502,368312.47840227594,132578.7968979612,404742.08072502,2021-07-05
TK50330,CASH,34.58000183,110.4899979,0.150000006,0.310000002,1,404742.08072502,344026.077061356,107669.6768979612,404742.08072502,2021-10-21
TK50330,CASH,29.10000038,387.980011,0.029999999,0.079999998,1,1245393.7614500397,1208030.0814500398,90606.9251831832,1245393.7614500397,2021-10-21
CR31785,CASH,152.7100067,331.980011,0.170000002,0.460000008,1,1245393.7614500397,1033666.2414500399,475483.98526138795,1245393.7614500397,2021-07-05
TK57218,CASH,16.22999954,39.59000015,0.01,0.409999996,1,124514.4688309152,123269.008067046,50534.3757677256,124514.4688309152,2021-11-30
TK57218,CASH,9.5,47.5,0.050000001,0.200000003,1,155682,147897.9,29579.579999999998,155682,2021-11-30
TK50330,CASH,6.559999943,65.58000183,0.180000007,0.100000001,2,249028.9376618304,204192.51689796118,20425.478222522517,124514.4688309152,2021-10-21
TK50330,CASH,79.19000244,263.9700012,0.119999997,0.300000012,3,933998.5945363679,821907.5545363679,246569.15919728155,311332.85693681036,2021-10-21
TK57218,CASH,31.20000076,120,0.200000003,0.25999999,3,467046,373636.8,97145.57036636639,155682,2021-11-30
CR31785,CASH,99,225,0.100000001,0.439999998,5,778410,700569,308250.36,155682,2021-07-05
TK57218,CASH,4.949999809,247.5,0.01,0.02,5,778410,770625.8999999999,15412.517405294759,155682,2021-11-30
TK57218,CASH,-7.920000076,79.16000366,0.119999997,-0.100000001,5,280071.908503398,246475.75379592238,-24660.02903663664,56014.382883862796,2021-11-30
TK110081,CASH,-54.68999863,128.6900024,0.01,-0.430000007,1,404742.08072502,400694.339072736,-170284.96733431317,404742.08072502,2022-10-05
TK110081,CASH,4.920000076,43.5,0.129999995,0.109999999,1,155682,135443.33999999997,15319.109036636637,155682,2022-10-05
TK110081,CASH,62.77000046,278.980011,0.07,0.230000004,1,934029.7614500398,868643.3214500399,195443.1842322744,934029.7614500398,2022-10-05
MC158389,CASH,6.099999905,53.99000168,0.100000001,0.109999999,1,186787.26883091519,168105.4288309152,18993.203704204196,186787.26883091519,2023-07-13
MC173757,CASH,59.08000183,314.25,0.119999997,0.189999998,1,1111880.8629932038,978461.3699999999,183953.85689796117,1111880.8629932038,2023-10-25
MC158359,CASH,12.01000023,109.1900024,0.159999996,0.109999999,1,404742.08072502,339978.35907273594,37394.817116137194,404742.08072502,2023-07-13
MC174706,CASH,64.11000061,164.3800049,0,0.389999986,1,511820.15845683595,511820.15845683595,199615.46229932038,511820.15845683595,2023-11-08
CR153271,CASH,12.86999989,128.6900024,0.01,0.100000001,1,404742.08072502,400694.339072736,40072.54645749959,404742.08072502,2023-06-13
CR153271,CASH,12.73999977,127.3899994,0.02,0.100000001,1,404742.08072502,396646.59773181594,39667.7728838628,404742.08072502,2023-06-13
CR140784,CASH,55.47999954,126.0899963,0.029999999,0.439999998,1,404742.08072502,392598.85607953195,172744.7457677256,404742.08072502,2023-04-01
CR140784,CASH,26.21999931,56.99000168,0.050000001,0.460000008,1,186787.26883091519,177446.34883091517,81639.63865158838,186787.26883091519,2023-04-01
MC134567,CASH,17.54999924,116.9899979,0.100000001,0.150000006,1,404742.08072502,364264.73706135596,54644.37963363359,404742.08072502,2023-02-24
MC177445,CASH,20.62999916,57.31000137,0.029999999,0.360000014,1,183953.85689796117,178442.7126656868,64234.390584542394,183953.85689796117,2023-12-18
MC175224,CASH,136.6100006,505.9500122,0.050000001,0.270000011,1,1658262.4444432436,1575346.1959864078,425354.362268184,1658262.4444432436,2023-11-15
MC175878,CASH,130.3300018,260.6499939,0,0.5,1,811570.247006796,811570.247006796,405800.70680455194,811570.247006796,2023-11-25
TK84987,CASH,2.420000076,96.98999786,0.029999999,0.029999999,1,311332.85693681036,301991.9369368104,7535.009036636639,311332.85693681036,2022-05-12
TK91229,CASH,-17.76000023,113.0899963,0.129999995,-0.159999996,1,404742.08072502,352121.53607953194,-55298.247116137194,404742.08072502,2022-06-17
TK81513,CASH,9.630000114,33.18999863,0.170000002,0.289999992,1,124514.4688309152,103341.70733431319,29984.353554954956,124514.4688309152,2022-04-20
CR40687,CASH,26.55999947,83,0.170000002,0.319999993,2,311364,258432.11999999997,82698.27674977078,155682,2021-08-26
CR17716,CASH,87.29000092,193.9799957,0.029999999,0.449999988,2,622665.7138113478,603983.8738113479,271789.63846454874,311332.85693681036,2021-04-14
MC134567,CASH,20.79000092,63.97999954,0.200000003,0.330000013,2,249028.9376618304,199210.68576772558,64732.578464548795,124514.4688309152,2023-02-24
TK63963,CASH,35.20000076,159.9799957,0.200000003,0.219999999,2,622665.7138113478,498120.11381134787,109600.1303663664,311332.85693681036,2022-01-08
TK84987,CASH,16.05999947,59.47999954,0.150000006,0.270000011,2,217892.53766183037,185199.30576772557,50005.056749770796,108946.26883091519,2022-05-12
TK112418,CASH,15,119.9800034,0,0.129999995,2,373574.53778637596,373574.53778637596,46704.6,186787.26883091519,2022-10-19
TK91229,CASH,8.100000381,107.9800034,0.100000001,0.079999998,2,373574.53778637596,336210.857786376,25220.485186296835,186787.26883091519,2022-06-17
TK91229,CASH,33.04999924,105.5800018,0.119999997,0.310000002,2,373574.53778637596,328738.116804552,102905.79963363358,186787.26883091519,2022-06-17
TK84987,CASH,-173.3699951,101.9800034,0.150000006,-1.700000048,2,373574.53778637596,317529.01778637595,-539811.7515431639,186787.26883091519,2022-05-12
TK84987,CASH,9,90,0.100000001,0.100000001,2,311364,280227.6,28022.76,155682,2022-05-12
MC158389,CASH,-25.82999992,147.5800018,0.180000007,-0.180000007,3,560361.794536368,459510.99680455186,-80425.32095090878,186787.26883091519,2023-07-13
MC158359,CASH,6.639999866,112.5,0.25,0.059999999,3,467046,350284.5,20674.569182772237,155682,2023-07-13
CR40687,CASH,24.0699997,71.22000122,0.050000001,0.340000004,3,233429.59459864075,221753.44459864078,74945.31386590799,77809.86288386279,2021-08-26
CR17716,CASH,60.70000076,284.9700012,0.050000001,0.209999993,3,933998.5945363679,887293.994536368,188997.9503663664,311332.85693681036,2021-04-14
CR153271,CASH,85.51999664,178.1699982,0.01,0.479999989,3,560361.794536368,554757.233195448,266278.4823381696,186787.26883091519,2023-06-13
TK110081,CASH,-12.31000042,215.9600067,0.100000001,-0.059999999,4,747149.0752613879,672421.715261388,-38328.909707728795,186787.26883091519,2022-10-05
MC158359,CASH,18.07999992,159.9600067,0,0.109999999,4,498057.875261388,498057.875261388,56294.61095090879,124514.4688309152,2023-07-13
CR40687,CASH,38.38999939,127.9700012,0.200000003,0.300000012,4,498057.875261388,398452.5145363679,119532.6377006796,124514.4688309152,2021-08-26
TK63963,CASH,43.56000137,198,0.01,0.219999999,4,622728,616500.72,135630.16266568677,155682,2022-01-08
MC158359,CASH,86.37999725,179.9600067,0.100000001,0.479999989,5,622572.308347716,560330.6752613881,268956.21463749,124514.4688309152,2023-07-13
MC158359,CASH,-10,200,0.200000003,-0.050000001,5,778410,622728,-31136.399999999998,155682,2023-07-13
CR153271,CASH,22.5,225,0.100000001,0.100000001,5,778410,700569,70056.9,155682,2023-06-13
TK81513,CASH,115.1800003,239.9600067,0.200000003,0.479999989,5,933936.355986408,747149.0752613879,358629.056134092,186787.26883091519,2022-04-20
TK111308,CASH,1.370000005,21.73999977,0.129999995,0.059999999,1,77809.86288386279,67690.5328838628,4265.6868155682,77809.86288386279,2022-10-12
CR172903,CASH,-329.0899963,411.3599854,0.090000004,-0.800000012,1,1407489.8520659397,1280826.904940856,-1024667.776079532,1407489.8520659397,2023-10-12
MC161745,CASH,8.18999958,129.9900055,0,0.059999999,1,404742.08072502,404742.08072502,25500.7102922712,404742.08072502,2023-08-02
TK49054,CASH,40.68999863,129.9900055,0,0.310000002,1,404742.08072502,404742.08072502,126694.00733431318,404742.08072502,2021-10-14
CR169326,CASH,61.77000046,128.6900024,0.01,0.479999989,1,404742.08072502,400694.339072736,192329.54423227438,404742.08072502,2023-09-15
TK116361,TRANSFER,3.859999895,296.9500122,0.01,0.01,5,933936.355986408,924595.4359864078,12018.650073067798,186787.26883091519,2022-11-10
TK70016,TRANSFER,17.45999908,290.9500122,0.029999999,0.059999999,5,933936.355986408,905913.5959864078,54364.151535451194,186787.26883091519,2022-02-13
TK127670,TRANSFER,0,248.9600067,0.170000002,0,5,933936.355986408,775171.835261388,0,186787.26883091519,2023-01-15
TK73059,TRANSFER,55.99000168,199.9499969,0,0.280000001,5,622572.308347716,622572.308347716,174332.7088309152,124514.4688309152,2022-03-02
TK75972,TRANSFER,26.84000015,237.5,0.050000001,0.109999999,5,778410,739489.5,83570.098067046,155682,2022-03-19
TK98108,TRANSFER,206.9799957,449.9599915,0.100000001,0.460000008,5,1556664.355986408,1401013.4279340599,644461.1938113479,311332.85693681036,2022-07-27
TK101556,TRANSFER,103.1999969,240,0.039999999,0.430000007,5,778410,747273.6,321327.63834771595,155682,2022-08-17
TK98108,TRANSFER,8.43999958,74.66000366,0.170000002,0.109999999,5,280071.908503398,232464.37379592238,26279.1202922712,56014.382883862796,2022-07-27
TK78363,TRANSFER,73.94000244,254.9600067,0.150000006,0.289999992,5,933936.355986408,793853.675261388,230222.54919728157,186787.26883091519,2022-04-02
MC174603,CASH,217.0800018,452.25,0.02,0.479999989,1,1436882.6214500398,1408143.69,675908.9768045519,1436882.6214500398,2023-11-06
MC37919,CASH,163.1900024,339.980011,0.150000006,0.479999989,1,1245393.7614500397,1058575.3614500398,508114.91907273594,1245393.7614500397,2021-08-10
MC147712,CASH,8.300000191,41.5,0.170000002,0.200000003,1,155682,129216.05999999998,25843.21259470524,155682,2023-05-11
MC3398,CASH,138.1699982,293.980011,0.02,0.469999999,1,934029.7614500398,915347.9214500398,430211.63319544797,934029.7614500398,2021-01-21
MC3398,CASH,134.9900055,299.9899902,0.25,0.449999988,1,1245393.7614500397,934060.833086328,420310.2807250199,1245393.7614500397,2021-01-21
MC178629,CASH,86.02999878,179.2200012,0.150000006,0.479999989,1,656511.0129932039,558026.564536368,267866.4454013592,656511.0129932039,2024-01-04
TK87796,CASH,53.29999924,129.9900055,0,0.409999996,1,404742.08072502,404742.08072502,165957.0096336336,404742.08072502,2022-05-28
TK88927,CASH,28.12000084,224.9900055,0.25,0.129999995,1,934029.7614500398,700537.8807250198,87555.5594154576,934029.7614500398,2022-06-03
CR160544,CASH,33.59000015,79.98000336,0,0.419999987,2,249028.9376618304,249028.9376618304,104587.168067046,124514.4688309152,2023-07-26
CR160544,CASH,15.65999985,87,0.129999995,0.180000007,2,311364,270886.67999999993,48759.60193295399,155682,2023-07-26
TK81690,CASH,26,100,0,0.25999999,2,311364,311364,80954.64,155682,2022-04-21
CR160544,CASH,69.70999908,248.9799957,0.170000002,0.280000001,3,933998.5945363679,775234.073811348,217051.8415354512,311332.85693681036,2023-07-26
TK81690,CASH,24.19000053,115.1699982,0.039999999,0.209999993,3,373543.39453636797,358597.913195448,75318.95325022918,124514.4688309152,2022-04-21
TK88927,CASH,17.82999992,61.47999954,0.180000007,0.289999992,3,233429.59459864075,191426.58576772557,55516.200950908795,77809.86288386279,2022-06-03
CR160544,CASH,-83.3199997,383.9599915,0.039999999,-0.219999999,4,1245331.4279340599,1195513.1879340599,-259428.483865908,311332.85693681036,2023-07-26
MC37919,CASH,83.79000092,232.7599945,0.029999999,0.360000014,4,747149.0752613879,724730.82927498,260891.89846454878,186787.26883091519,2021-08-10
TK87796,CASH,75.12000275,240,0.039999999,0.310000002,5,778410,747273.6,233896.64536250997,155682,2022-05-28
CR174328,CASH,17.79999924,222.5299988,0.119999997,0.079999998,1,787377.2984568359,692878.3054636319,55422.78963363359,787377.2984568359,2023-11-02
CR159390,CASH,56.61999893,128.6900024,0.01,0.439999998,1,404742.08072502,400694.339072736,176294.2934684052,404742.08072502,2023-07-19
TK57445,CASH,5.710000038,27.19000053,0.150000006,0.209999993,1,99605.34288386279,84659.87325022918,17778.884518318322,99605.34288386279,2021-12-01
TK57445,CASH,23.22999954,263.980011,0.119999997,0.090000004,1,934029.7614500398,821938.7214500399,72329.8557677256,934029.7614500398,2021-12-01
TK57445,CASH,5.860000134,93,0.07,0.059999999,2,311364,289568.51999999996,18245.930817227756,155682,2021-12-01
CR159390,CASH,49.88000107,142.5,0.050000001,0.349999994,3,467046,443693.69999999995,155308.36653159477,155682,2023-07-19
TK57445,CASH,17.45999908,174.5700073,0.029999999,0.100000001,3,560361.794536368,543548.1575295719,54364.151535451194,186787.26883091519,2021-12-01
CR159390,CASH,-587.9000244,239.9600067,0,-2.450000048,4,747149.0752613879,747149.0752613879,-1830509.031972816,186787.26883091519,2023-07-19
CR159390,CASH,43.65999985,166,0.170000002,0.25999999,4,622728,516864.23999999993,135941.521932954,155682,2023-07-19
CR159390,CASH,-6.449999809,149.9600067,0.25,-0.039999999,5,622572.308347716,466921.475261388,-20082.977405294758,124514.4688309152,2023-07-19
TK121346,CASH,45.11999893,95.98999786,0.039999999,0.469999999,1,311332.85693681036,298878.29693681037,140487.4334684052,311332.85693681036,2022-12-09
MC165909,CASH,32.63999939,120.8899994,0.07,0.270000011,1,404742.08072502,376407.93773181597,101629.20770067959,404742.08072502,2023-08-26
TK50712,CASH,46.56000137,97,0.029999999,0.479999989,2,311364,302023.07999999996,144971.0826656868,155682,2021-10-24
TK121346,CASH,38.84000015,149.3800049,0.170000002,0.25999999,3,560361.794536368,465115.5584568359,120933.778067046,186787.26883091519,2022-12-09
TK82689,CASH,-12.98999977,147.5800018,0.180000007,-0.090000004,3,560361.794536368,459510.99680455186,-40446.1828838628,186787.26883091519,2022-04-27
MC165909,CASH,165.8699951,345.5599976,0.039999999,0.479999989,4,1120785.8279340598,1075949.4309272638,516459.451543164,280196.45693681034,2023-08-26
MC5407,CASH,77.98999786,239.9600067,0,0.330000013,4,747149.0752613879,747149.0752613879,242832.7769368104,186787.26883091519,2021-02-01
TK82689,CASH,20.87999916,208.7700043,0.129999995,0.100000001,4,747149.0752613879,650034.636188652,65012.8005845424,186787.26883091519,2022-04-27
TK45728,CASH,99.87999725,212.5,0.150000006,0.469999999,5,778410,661648.5,310990.35463748995,155682,2021-09-25
MC5407,CASH,81.68000031,225,0.100000001,0.360000014,5,778410,700569,254322.11616522836,155682,2021-02-01
TK115729,CASH,-79.66000366,293.9500122,0.02,-0.270000011,5,933936.355986408,915254.515986408,-248032.57379592236,186787.26883091519,2022-11-06
MC166992,PAYMENT,-3.24000001,248.9799957,0.170000002,-0.01,1,934029.7614500398,775234.073811348,-10088.1936311364,934029.7614500398,2023-09-02
MC32808,PAYMENT,96.27999878,331.980011,0.170000002,0.289999992,1,1245393.7614500397,1033666.2414500399,299781.2554013592,1245393.7614500397,2021-07-11
MC32808,PAYMENT,147.5899963,327.980011,0.180000007,0.449999988,1,1245393.7614500397,1021211.6814500398,459542.11607953196,1245393.7614500397,2021-07-11
CR19758,PAYMENT,41.74000168,123.4899979,0.050000001,0.340000004,1,404742.08072502,384503.397061356,129963.33883091518,404742.08072502,2021-04-26
CR19758,PAYMENT,63.90000153,299.9899902,0.25,0.209999993,1,1245393.7614500397,934060.833086328,198961.60076386918,1245393.7614500397,2021-04-26
CR7094,PAYMENT,48.40999985,127.3899994,0.02,0.379999995,1,404742.08072502,396646.59773181594,150731.31193295398,404742.08072502,2021-02-11
TK128660,PAYMENT,26.01000023,113.0899963,0.129999995,0.230000004,1,404742.08072502,352121.53607953194,80985.7771161372,404742.08072502,2023-01-21
CR7094,PAYMENT,16.62999916,49.18999863,0.180000007,0.340000004,1,186787.26883091519,153159.94733431318,51779.8305845424,186787.26883091519,2021-02-11
CR133467,PAYMENT,-70.5,299.980011,0,-0.239999995,1,934029.7614500398,934029.7614500398,-219511.61999999997,934029.7614500398,2023-02-18
CR133467,PAYMENT,49.59999847,296.980011,0.01,0.170000002,1,934029.7614500398,924688.8414500399,154436.5392361308,934029.7614500398,2023-02-18
CR24868,PAYMENT,117.5899963,391.980011,0.02,0.300000012,1,1245393.7614500397,1220484.6414500398,366132.91607953195,1245393.7614500397,2021-05-26
MC21247,PAYMENT,113.6699982,391.980011,0.02,0.289999992,1,1245393.7614500397,1220484.6414500398,353927.4531954479,1245393.7614500397,2021-05-05
TK62445,PAYMENT,2.940000057,58.79000092,0.02,0.050000001,1,186787.26883091519,183050.89846454878,9154.10177747748,186787.26883091519,2021-12-30
TK62445,PAYMENT,33.84999847,120.8899994,0.07,0.280000001,1,404742.08072502,376407.93773181597,105396.7092361308,404742.08072502,2021-12-30
TK62445,PAYMENT,120.5299988,245.9799957,0.180000007,0.49000001,1,934029.7614500398,765893.1538113479,375287.025463632,934029.7614500398,2021-12-30
TK72021,PAYMENT,-15.92000008,127.3899994,0.02,-0.129999995,1,404742.08072502,396646.59773181594,-49569.14904909119,404742.08072502,2022-02-25
TK61128,PAYMENT,28.72999954,110.4899979,0.150000006,0.25999999,1,404742.08072502,344026.077061356,89454.87576772559,404742.08072502,2021-12-23
TK61128,PAYMENT,17.79999924,109.1900024,0.159999996,0.159999996,1,404742.08072502,339978.35907273594,55422.78963363359,404742.08072502,2021-12-23
TK75762,PAYMENT,52.22999954,106.5899963,0.180000007,0.49000001,1,404742.08072502,331882.87607953197,162625.4157677256,404742.08072502,2022-03-18
TK66687,PAYMENT,16.62999916,37.79000092,0.059999999,0.439999998,1,124514.4688309152,117664.45846454879,51779.8305845424,124514.4688309152,2022-01-24
TK51561,PAYMENT,89.98999786,299.980011,0,0.300000012,1,934029.7614500398,934029.7614500398,280196.45693681034,934029.7614500398,2021-10-29
TK61128,PAYMENT,132.2899933,377.980011,0.059999999,0.349999994,1,1245393.7614500397,1176893.6814500398,411903.41473861196,1245393.7614500397,2021-12-23
TK51561,PAYMENT,-33.25999832,377.980011,0.059999999,-0.090000004,1,1245393.7614500397,1176893.6814500398,-103559.6611690848,1245393.7614500397,2021-10-29
TK51561,PAYMENT,23.43000031,371.980011,0.07,0.059999999,1,1245393.7614500397,1158211.84145004,72952.5861652284,1245393.7614500397,2021-10-29
TK61128,PAYMENT,84.65000153,248.9799957,0.170000002,0.340000004,1,934029.7614500398,775234.073811348,263569.63076386915,934029.7614500398,2021-12-23
TK89644,PAYMENT,61.77000046,128.6900024,0.01,0.479999989,1,404742.08072502,400694.339072736,192329.54423227438,404742.08072502,2022-06-07
TK89644,PAYMENT,58.59999847,127.3899994,0.02,0.460000008,1,404742.08072502,396646.59773181594,182459.29923613078,404742.08072502,2022-06-07
MC157266,PAYMENT,30.87999916,95,0.050000001,0.330000013,2,311364,295795.8,96149.20058454238,155682,2023-07-07
CR7094,PAYMENT,21.29000092,62.97999954,0.100000001,0.340000004,2,217892.53766183037,196097.0457677256,66289.3984645488,108946.26883091519,2021-02-11
CR24949,PAYMENT,26.78000069,92.34999847,0.159999996,0.289999992,2,342313.589072736,287544.64923613076,83383.28134841159,171156.7945986408,2021-05-26
TK122319,PAYMENT,7.420000076,59.36999893,0.01,0.129999995,3,186724.9945986408,184856.80346840518,23103.209036636636,62241.662883862795,2022-12-15
MC32808,PAYMENT,81.95999908,178.1699982,0.01,0.460000008,3,560361.794536368,554757.233195448,255193.9315354512,186787.26883091519,2021-07-11
MC32808,PAYMENT,84.66000366,176.3699951,0.02,0.479999989,3,560361.794536368,549152.671543164,263600.77379592235,186787.26883091519,2021-07-11
MC166992,PAYMENT,14.72999954,167.3699951,0.07,0.090000004,3,560361.794536368,521129.911543164,45863.91576772559,186787.26883091519,2023-09-02
CR6997,PAYMENT,42.33000183,151.1699982,0.159999996,0.280000001,3,560361.794536368,470688.953195448,131800.38689796117,186787.26883091519,2021-02-10
CR6997,PAYMENT,28.0699997,107.9700012,0.100000001,0.25999999,3,373543.39453636797,336179.714536368,87399.873865908,124514.4688309152,2021-02-10
MC21247,PAYMENT,33.75,135,0.100000001,0.25,3,467046,420341.39999999997,105085.34999999999,155682,2021-05-05
MC137579,PAYMENT,7.139999866,101.9700012,0.150000006,0.07,3,373543.39453636797,317497.87453636795,22231.38918277224,124514.4688309152,2023-03-13
TK75762,PAYMENT,34.99000168,147,0.02,0.239999995,3,467046,457705.08,108946.26883091519,155682,2022-03-18
TK122319,PAYMENT,-335.9400024,191.9700012,0.200000003,-1.75,4,747149.0752613879,597725.474536368,-1045996.229072736,186787.26883091519,2022-12-15
TK116189,PAYMENT,58.45000076,201.5700073,0.159999996,0.289999992,4,747149.0752613879,627616.4375295719,181992.2603663664,186787.26883091519,2022-11-09
MC157266,PAYMENT,70.55000305,201.5700073,0.159999996,0.349999994,4,747149.0752613879,627616.4375295719,219667.31149660196,186787.26883091519,2023-07-07
MC11672,PAYMENT,82.30999756,235.1600037,0.02,0.349999994,4,747149.0752613879,732203.5939204679,256283.70080271835,186787.26883091519,2021-03-09
MC137579,PAYMENT,154.1399994,327.9700012,0.180000007,0.469999999,4,1245331.4279340599,1021180.514536368,479936.467731816,311332.85693681036,2023-03-13
TK51561,PAYMENT,-9.090000153,127.9700012,0.200000003,-0.07,4,498057.875261388,398452.5145363679,-28302.98807638692,124514.4688309152,2021-10-29
TK89644,PAYMENT,68.87000275,196.7700043,0.180000007,0.349999994,4,747149.0752613879,612670.956188652,214436.39536250997,186787.26883091519,2022-06-07
MC29946,PAYMENT,85.73999786,489.9500122,0.02,0.180000007,5,1556664.355986408,1525527.9559864078,266963.48693681037,311332.85693681036,2021-06-24
CR133467,PAYMENT,114.5199966,248.9600067,0.170000002,0.460000008,5,933936.355986408,775171.835261388,356574.04221362394,186787.26883091519,2023-02-18
TK61128,PAYMENT,77.19000244,237.5,0.050000001,0.330000013,5,778410,739489.5,240341.87919728158,155682,2021-12-23
MC174298,PAYMENT,31.55999947,242.7599945,0.039999999,0.129999995,1,787377.2984568359,755867.22927498,98266.4767497708,787377.2984568359,2023-11-02
MC40946,PAYMENT,13.68999958,45.63000107,0.170000002,0.300000012,1,171156.7945986408,142075.39653159477,42625.7302922712,171156.7945986408,2021-08-28
MC149906,PAYMENT,56.11000061,165.9900055,0.170000002,0.340000004,1,622696.8807250198,516833.12072501995,174706.3422993204,622696.8807250198,2023-05-24
MC179000,PAYMENT,24.80999947,70.90000153,0.159999996,0.349999994,1,262791.2207638692,220757.08076386916,77249.4067497708,262791.2207638692,2024-01-09
TK58702,PAYMENT,159.3500061,331.980011,0.170000002,0.479999989,1,1245393.7614500397,1033666.2414500399,496158.552993204,1245393.7614500397,2021-12-09
TK51503,PAYMENT,75.44000244,327.980011,0.180000007,0.230000004,1,1245393.7614500397,1021211.6814500398,234893.00919728156,1245393.7614500397,2021-10-28
TK86748,PAYMENT,39,129.9900055,0,0.300000012,1,404742.08072502,404742.08072502,121431.95999999998,404742.08072502,2022-05-22
CR131628,DEBIT,34.04000092,126.0899963,0.029999999,0.270000011,1,404742.08072502,392598.85607953195,105988.30846454877,404742.08072502,2023-02-07
TK128918,DEBIT,14.86999989,47.5,0.050000001,0.310000002,1,155682,147897.9,46299.8264574996,155682,2023-01-23
CR30821,DEBIT,-20.34000015,179.9799957,0.100000001,-0.109999999,2,622665.7138113478,560392.9138113479,-63331.438067046,311332.85693681036,2021-06-30
TK68118,DEBIT,47.02999878,95.98000336,0.200000003,0.49000001,2,373574.53778637596,298847.1776618303,146434.48540135918,186787.26883091519,2022-02-01
MC168013,CASH,45.5,129.9900055,0,0.349999994,1,404742.08072502,404742.08072502,141670.62,404742.08072502,2023-09-08
CR35091,CASH,36.18999863,124.7900009,0.039999999,0.289999992,1,404742.08072502,388551.1384022759,112682.62733431318,404742.08072502,2021-07-24
MC32840,CASH,58.04000092,123.4899979,0.050000001,0.469999999,1,404742.08072502,384503.397061356,180715.66846454877,404742.08072502,2021-07-11
CR35091,CASH,33.34000015,123.4899979,0.050000001,0.270000011,1,404742.08072502,384503.397061356,103808.758067046,404742.08072502,2021-07-24
MC39032,CASH,-175.4900055,116.9899979,0.100000001,-1.5,1,404742.08072502,364264.73706135596,-546412.70072502,404742.08072502,2021-08-16
